Produkt - Produkt,Kategori
04290 Skjorte Marine P/B,Skjorte
01085 T-Shirt Gråmelange p/b,T-shirt
07963 Busseron 1/Indv L/Æ Hvid Pb,Busseron
02788 Sweatshirt Mblå Elis Chauffør,Sweatshirt
04231 Benkl m knæ kblå p/b ICON1,Bukser
04574 Overall m knæ marine bom ICO,Overall
00215 Termojakke Hvid,Jakke
01717 T-shirt unisex kblå pb,T-shirt
14152 Benkl m/lom hvid low risk,Bukser
01083 T-Shirt unisex hvid k/æ P/B,T-shirt
03982 Jakke hyg kina 2 indv lom,Jakke
03114 Skjorte Hvid K-Ærmer P/B,Skjorte
04841 Benkl u knæ hvid p/b ICON1,Bukser
01589 T-shirt unisex mblå k/æ,T-shirt
13295 Sweatshirt Pro Marine P/B,Sweatshirt
05792 Pilotjakke Enterprise M.Blå,Jakke
04466 Overall u knæ hvid p/b Icon1,Overall
09171 Jakke Kblå Hygiejne,Jakke
00221 Termovest Hvid,Jakke
03666 Skjorte Kblå U/Lom M/Trykkna,Skjorte
09182 Overall Kblå Hygiejne,Overall
"07854 T-Shirt L/Æ, Navy P/B",T-shirt
"03028 Skjorte Trykknap, M.Grå, Pb",Skjorte
04310 Kit Dame Kina 3Udv Hvid P/B,Kittel
10690 Kit Best Practice k/æ hv pb,Kittel
00100 Unisexben Lårl & Toml Mblåpb,Bukser
11967 Jakke marine/rød Dyna P/B,Jakke
00281 Sweatshirt Grafitmelan 70/30,Sweatshirt
02752 Kit H Kina 1Ind/2Udv Hvid Pb,Kittel
04596 Kokkejakke Hvid U/Knap. Bom,Jakke
06614 Benkl m knæ sort p/b ICON1,Bukser
05468 T-Shirt Grafit Melange P/B,T-shirt
05162 Overall Hr Grå/Sort P/B,Overall
05304 Benkl Hr 2Skrål 2Bagl HV P/B,Bukser
08940 Jakke P/B Vask,Jakke
09501 Benklæder P/B Vask,Bukser
09739 Overall P/B Vask,Overall
12344 Forklæde kort sort P/B,Forklæde
06325 Kokkebuss. Brod. Grå P/B,Busseron
12337 Benklæder dame pepita P/B,Bukser
13748 Sweatshirt Prowear Hvid P/B,Sweatshirt
03952 Sweatshirt Navy 70/30,Sweatshirt
09385 T-Shirt Hvid B/P M Arla Tryk,T-shirt
05740 Forkl M/Smæk Sort XL P/B,Forklæde
07819 Polo Sweatshirt Hvid 70/30,Sweatshirt
08963 Skjorte Grå P/B,Skjorte
13976 T-shirt l.ærme m Arla logo,T-shirt
08227 T-Shirt Marine Lady K/Æ P/B,T-shirt
09412 Vinterjakke Vask,Jakke
11337 Bukser overtræk sort,Bukser
05015 Jakke hyg kina 1 indv-2udv,Jakke
12183 Benkl da twiggy hv harmony,Bukser
11831 Overall Grå/Sort Dynamic P/B,Overall
"07859 T-Shirt L/Æ, Hvid p/b",T-shirt
03850 T-Shirt Hvid Lady K/Æ P/B,T-shirt
05257 T-Shirt Pro Sort K/Æ,T-shirt
11069 Benkl Mblå/Kblå Icon p/b,Bukser
03271 Dameskjorte Figur HV/Blå P/B,Skjorte
"12692 Forklæde, erst",Forklæde
06742 Busseron uni v/h koksgrå p/b,Busseron
01504 Buks En471 Gul/Marine P/B,Bukser
12329 Benklæder m elastik sort P/B,Bukser
01577 Benkl Da M/Opsmøg Mblå,Bukser
11839 Jakke grå/sort dynamic Bom,Jakke
11828 Benklæder sort/grå dyna P/B,Bukser
11832 Overall sort/grå dynamic P/B,Overall
11608 Poloshirt Navy Prowear,T-shirt
02170 Benkl da lav hvid coolmax,Bukser
00946 T-Shirt Hvid Bomuld L/Æ Game,T-shirt
12395 T-shirt 1/2 æ lady navy PB,T-shirt
03211 Bager Forkl.Hvid p/b 46X69CC,Forklæde
13450 Jakke navy m rød Scania,Jakke
06831 Kit H Kina 3Udvl Hvid Pb,Kittel
08190 Heldragt Blå Alsistrong,Overall
12330 Benklæder m elastik hvid P/B,Bukser
02369 Jakke 701 Convoy Grå P/B,Jakke
11071 Overall grå/sort Icon p/b,Overall
01806 Jakke Termo Marineblå,Jakke
06491 Sweatshirt cardigan lblå pb,Sweatshirt
04241 Jakke M/Lyn K.Blå P/B Kansas,Jakke
13746 Sweatshirt Prowear Kblå P/B,Sweatshirt
13452 Overall navy m rød Scania,Overall
11076 Overall mblå/kblå Icon bom,Overall
09153 Benklæde kblå Hygiejne P/B,Bukser
11968 Kedeldr. marine/rød Dyna P/B,Overall
12607 Sweatshirt Prowear sort pb,Sweatshirt
13573 Benkl u knæ kblå p/b ICON1,Bukser
11977 Benkl smøg op uni mlå pb,Bukser
11070 Benkl grå/sort m knæ p/b ICON,Bukser
12390 Pilotjakke kl 3 gul/blå Elis,Jakke
13453 Skjorte navy m rød Scania,Skjorte
14014 Kokkejakke hvid  MENY,Jakke
12143 Pull on let buks opsmøg mblå,Bukser
02162 Benkl da høj hvid coolmax,Bukser
10649 Skjorte dame Koksgrå P/B,Skjorte
11827 Benklæder grå/sort dyna P/B,Bukser
11303 Overall Grå/Rød Icon  P/B,Overall
12189 Benkl unisex hv harmony,Bukser
05068 Fleece Herre Vindtæt Sort Pb,Sweatshirt
13568 Arbejdsskjorte Grå,Skjorte
03231 T-Shirt Rød Lady K/Æ Pb,T-shirt
13673 Overall grå Toyota,Overall
13675 Jakke grå/rød Toyota,Jakke
14015 Smækforklæde m/knap sort MENY,Forklæde
13744 Overall Newark mblå tw,Overall
14028 Termojakke sort Sudbury,Jakke
13907 Unisexben Lårl & Toml sort,Bukser
01168 Kokbenkl Hr M/Lyn HV/So P/B,Bukser
13674 Benkl grå Toyota,Bukser
11296 Benkl sort/grå Icon pb,Bukser
08818 Jakke pilot EN20471 gul/mblå,Jakke
12121 Kittel grøn hygiejne P/B,Kittel
13919 Jakke Oxford gul/mblå kl 2,Jakke
13912 Overall Newcast rød/grå kl 2,Overall
13914 Jakke Oxford rød/grå kl. 2,Jakke
03885 T-Shirt Lysblå Lady K/Æ P/B,T-shirt
11072 Overall mblå/kblå Icon p/b,Overall
10983 Poloshirt pro da koksgrå pb,T-shirt
"22215 Kittel, zone u/lom rød",Kittel
10077 Benklæde m/refleks rød pb,Bukser
22232 Skjorte Reg l/æ lblå Scania,Skjorte
11066 Jakke Mblå/Kblå Icon P/B,Jakke
22312 Skjorte flam m mblå/gul,Skjorte
02823 Overall En471 Orange/Mblå,Overall
22422 Unisex Kittel Hvid,Kittel
22409 Benkl m/lom HK Scan hvid,Bukser
04260 Skjorte Kongeblå P/B Kansas,Skjorte
11840 Jakke Navy/kblå dynamic Bom,Jakke
11305 Overall sort/grå Icon  p/b,Overall
08260 Kit H Kina 2Indv Trykkn Hvid,Kittel
04154 Ben Dame M/Skrål HV P/B,Andet
12284 Sweatshirt Tucson Sort P/B,Sweatshirt
11949 Benklæd m knæl pb Mascot grå,Bukser
12286 Skjorte Hampton Grå P/B,Skjorte
13516 Shorts marine,Shorts
12184 Benkl da monroe hv harmony,Bukser
03692 Kit Hvid Kina M/Rød Krav P/B,Kittel
11493 Sweatshirt Prowear koksg pb,Sweatshirt
13786 Håndværkerbuks Springf mgrå,Bukser
09759 Benklæder Termo Vask,Bukser
10547 Benkl. Denim uni b/c,Bukser
07821 Sort function soft shell,Andet
12185 Benkl uni pull on hv harmony,Bukser
11893 Busseronne dame K/Æ Navy,Busseron
12396 T-shirt 1/2 æ lady hvid PB,T-shirt
22563 Skaljakke Outdoor C uni sort,Jakke
22407 Overall HK Scan kongeblå,Overall
13211 Buks FlamePro NY mar/rød,Bukser
01873 Kasket I.hår m/net-hvid skyg,Andet
22571 Dunjakke Outdoor C uni sort,Jakke
06271 T-shirt L/Æ prowear sort,T-shirt
13895 Benkl Mannh hvid/grå Unique,Bukser
14141 Jakke u lom hvid max risk,Jakke
13775 Shorts Charleston sort p/b,Shorts
03733 Benklæde Sort/Hvid Strib P/B,Bukser
13832 Benkl Leeds grå/or kl. 1,Bukser
04586 Skjorte Mblå Bom,Skjorte
13741 Benkl knæl Pittsburg mblå tw,Bukser
11074 Jakke Mblå/Kblå Icon bom,Jakke
23518 Termojak hvid Whitby,Jakke
"22623 Fleece, Microfiber Da Navy",Sweatshirt
27626 Kokkejakke sort Mad COOP,Jakke
09021 Kittel P/B Vask,Kittel
09100 Busseronne P/B Vask,Busseron
06223 Forkl 802 M/Smæk+L Sort P/B,Forklæde
07975 Tj.Forkl Sort M/Lom P/B,Forklæde
11951 Overall m knæl pb Mascot sor,Overall
01502 Jakke En471 Gul/Marine P/B,Jakke
01506 Overall En471 Gul/Marine P/B,Overall
11068 Benkl Kblå/mblå Icon  p/b,Bukser
22738 T-shirt so krave k/æ kl2 gul,T-shirt
22944 Poloshirt k/æ kl.3 gul,T-shirt
23136 Sweatshirt m sort kl.3 gul,Sweatshirt
01697 Kokkejakke hvid m/kort ærmep/b,Jakke
13836 Pilotjak Hastings or/grå kl3,Jakke
03588 Benkl Dame M/Ela Sort P/B,Bukser
03655 Skjorte Bager HV.K/Æ P/B CC,Skjorte
"22618 Fleece, microfiber uni navy",Sweatshirt
02530 T-shirt unisex kgrå pb,T-shirt
11288 Jakke Sort/grå Icon  p/b,Jakke
10687 Jak sparkle En20471KL2  Flam,Jakke
12464 Vest dame med knap navy P/B,Jakke
12285 Skjorte Hampton Navy P/B,Skjorte
08128 T-Shirt Turkis Lady K/Æ P/B,T-shirt
22569 Termoundertrøje zip-hals sort,Andet
22570 Termounderbuks sort,Bukser
14147 Jakke 2 indvlom hv high risk,Jakke
23201 Polo T-shirt Sgrå k/æ trykk,T-shirt
01690 Kokkejakke Sort P/B U/Knap,Jakke
25482 Bukser uni marine m.khaki,Bukser
22486 Benk Cheans flex uni blue pb,Bukser
23016 Skjorte funkt da Sky mørk kr,Skjorte
10688 Overall Sparkle EN20471 Flam,Overall
23198 Sjælevarmer m fleecefor mblå,Sweatshirt
05376 Underbuks 3 Funktion P/B U/G,Bukser
11073 Overall kblå/mblå Icon p/b,Overall
22487 Benkl Cheans da dark blue pb,Bukser
05228 Termojakke Navy P/B,Jakke
07112 Undertrøje Højhal L.Ærm Sort,Andet
01427 T-shirt unisex lyseblå pb,T-shirt
13658 T-shirt dame lyseblå Prowear,T-shirt
22392 Skjorte unisex Sky grå,Skjorte
04195 Kokkejakke Hvid P/B Cc,Jakke
11300 Benkl grå/sort m knæ bom ICON,Bukser
13084 T-shirt prowear dame navy pb,T-shirt
25687 Vest dame marine Randers,Jakke
25517 T-shirt 1/2 ærme dame marine,T-shirt
25568 Skaljakke uni sort Randers,Jakke
09652 Benkl Prostretch Sort P/B,Bukser
07341 Termojakke m 2 udv lom blå,Jakke
14048 Overtræksbukser - unisex,Bukser
22739 Funktionsbuks m ela/liv sort,Bukser
02267 Overall m knæ mblå Icon1,Overall
22423 Vinterjakke EN20471 gul/mar,Jakke
"22217 Kittel, zone u/lom  kblå",Kittel
07389 Benkl. Uni m/ela sort,Bukser
25573 Quiltjak. dame sort Randers,Jakke
25574 Quiltjakke uni sort Randers,Jakke
06341 Jeans Hr. Sort Brod. P/B0,Bukser
23895 Kedeldragt sort Icon,Overall
22566 Dunvest Outdoor C uni sort,Jakke
02813 Overall M/Knæl Grå/Sort P/B,Overall
23361 Overall Food Kblå,Overall
06738 Busseron uni v/h mblå p/b,Busseron
13916 Benkl Leeds mblå/gul kl. 1,Bukser
13918 Overall Sunderl mblå/gul kl1,Overall
22318 Softshell Blackpool kl2 gu/m,Andet
23191 Benkl Mind pullon m opsmøg,Bukser
23181 Funktionsskjorte dame Ocean,Skjorte
23182 Skjorte uni Ocean,Skjorte
23184 Benkl Cheans lavtalj/u opsm,Bukser
23190 Benkl Mind højtaljet m opsm,Bukser
13253 T-shirt K/Æ Azur Uni Pro,T-shirt
09781 Benkl uni m lom rib hvid p/b,Bukser
23180 Tunika da m trykknap Ocean,Andet
23183 Dame skjorte lang Ocean,Skjorte
23362 Bukser Food Kblå,Bukser
23187 Benkl Cheans uni u opsmøg,Bukser
23185 Benkl Cheans højtalj/u opsm,Bukser
23196 Skaljakke Outdoor C uni mblå,Jakke
23186 Benkl Cheans pullon u opsmøg,Bukser
23194 T-Shirt gråm Lady K/Æ pb,T-shirt
23195 Skaljakke Outdoor dame mblå,Jakke
23192 Benkl Mind uni m opsmøg,Bukser
02754 Jakke Grå/Sort P/B Colour,Jakke
25569 Skaljakke dame sort Randers,Jakke
23197 Rygsæk 2 rum 40L sort,Andet
23193 Nederdel Mind,Andet
03564 T-Shirt T-Time Apple Bom.,T-shirt
23189 Benkl Mind lavtaljet m/opsm,Bukser
23188 Nederdel Cheans,Andet
00101 Kit Kina H 2Indv Mblå Trykkn,Kittel
08115 Benklæder Navy Crinkle Bom,Bukser
03212 Forkl. M/Smæk Sort Trykknap,Forklæde
23106 Kokkejakke 3/4 æ sort COOP,Jakke
13344 Kittel Olympia,Kittel
11843 Overall grå/sort dynamic Bom,Overall
23233 Hi-vis Skjorte kl. 3,Skjorte
05035 Kasket Como P/B LH Navy,Andet
02269 Kedeldragt Marine P/B,Overall
22111 Termojakke Sudbury marine,Jakke
23377 Forkl smæk charcoal BrødCoop,Forklæde
12428 Overall Sort Lowell Bomuld,Overall
23281 Træningsjakke dame sort,Jakke
24113 T-shirt Flamestat mar/gul,T-shirt
23124 Skjorte ma/gul EN1149,Skjorte
23127 Benklæder ma/gul EN1149,Bukser
22471 Bukser u.knælom marine p/b,Bukser
08395 T-shirt unisex sort k/æ bom,T-shirt
07363 Kalot Sort p/b CC,Andet
24119 Parkajakke Flamestat gul/mar,Jakke
23986 T-shirt uni l/æ silvergrey,T-shirt
23685 Buks m knæ mar/kblå Motion,Bukser
23824 Overall Motion grå/sort,Overall
23511 Busseron 1/indv l/æ hvid FS,Busseron
25116 Mulepose HKScan marine,Andet
10530 Benkl. Vente marine pb,Bukser
22204 Pilotjak EN20471 Hastin gu/n,Jakke
23693 Overall Sort/Grå Motion,Overall
03643 Arb.Sko Al Hit 2XL+ S3HRO,Andet
11944 Termokedeldragt Tombos gul,Overall
06150 Skjorte Kblå Bom,Skjorte
11841 Benklæder grå/sort dyna Bom,Bukser
09195 Overall M.Knæl Grå/Sort Bom,Overall
09223 Jakke Grå/Sort Bom,Jakke
11312 Shorts mblå/kblå Icon pb,Shorts
14148 Kittel 2 indlom hv high risk,Kittel
07044 Kasket Mdgrøn M/Net P/B,Andet
23897 Termojakke u/lom mblå,Jakke
13811 Overall Koksgrå/Grå Volvo,Overall
25336 T-shirt da k/æ gråmela Pro,T-shirt
04529 Jakke Mblå M/Knp Bom Kansas,Jakke
09151 Benkl M.Knæl Grå/Sort Bom,Bukser
25849 Pilotjakke sort/grå,Jakke
"29672 Softshell Galaxy, Sort/grå",Andet
24002 Pilotjakke uni hvid FOOD,Jakke
25335 Forklæde m/smæk sort Meny/Grøn,Forklæde
05418 Benkl Mblå Bom,Bukser
05410 Fleecejakke M/Blå,Sweatshirt
"22216 Kittel, zone u/lom grøn",Kittel
13789 Softshell Tampa sort Indust,Andet
13592 Benklæde Palermo grå/sort,Bukser
13774 Shorts Charleston mblå p/b,Shorts
10695 Kit Best Practice l/æ blå pb,Kittel
08964 Skjorte Mgrå Bom,Skjorte
11075 Jakke Grå/sort Icon bom,Jakke
11077 Overall grå/sort Icon bom,Overall
01754 Rullekrave Bluse Hvid Bomuld,Andet
13216 Benkl. dame sort Motion p/b,Bukser
26498 T-shirt L/Æ kongeblå P/B,T-shirt
14081 Jakke multi gul/mar Biel,Jakke
22334 Vinterkedel Airtech kl3 gu/m,Andet
10989 Poloshirt Sort Prowear,T-shirt
"27462 Skjorte bomuld, sort",Skjorte
08398 T-shirt unisex mblå k/æ bom,T-shirt
14082 Benkl multi gul/mar Arbon,Bukser
22321 Softshell Kiama kl2 gu/mblå,Andet
24815 T-shirt gul kl. 2 p/b,T-shirt
03664 Benklæder Herre Sort P/B,Bukser
14142 Kittel u lom hvid max risk,Kittel
24781 Flex buks da CSR dark rock,Bukser
24587 Fleece uni marine Zip'n'mix,Sweatshirt
22240 Benklæder Uni sort Scania,Bukser
08143 Kittel L.blå Alsistrong,Kittel
"22624 Fleece, microfiber da sort",Sweatshirt
12322 Benkl Splash EN20471 kl1 Flam,Bukser
24784 Skjorte lady navy Sporty,Skjorte
01862 Fleecetrøje K/Æ HV Microfib,Sweatshirt
24917 Benkl uni b/ben dark rock,Bukser
22472 Bukser u.knælom sort p/b,Bukser
29585 Bukser dame pearl marine,Bukser
13853 T-shirt stretch lady turkis,T-shirt
24787 Busseronne uni navy Sporty,Busseron
10367 Poloshirt pique lilla da bomul,T-shirt
10437 Polo t-shirt azur bom/ela da,T-shirt
13854 T-shirt stretch uni sort,T-shirt
24894 Benklæder unisex marine,Bukser
12024 Tj forklæde sand 80x100,Forklæde
13858 Benklæde Icon Light sort p/b,Bukser
13855 T-shirt stretch uni turkis,T-shirt
25026 Quilt dame sort t 3I1 jakke,Jakke
10447 POLO T-SHIRT DA CHERISE,T-shirt
10597 Poloshirt pique da m.blå bom,T-shirt
12426 Jakke Sort Trenton Bom,Jakke
24874 T-shirt da k/æ cerise bom/el,T-shirt
04513 Benklæder Mblå Bomuld Kansas,Bukser
"24585 Fleece, microfiber uni sort",Sweatshirt
25192 Vest dame grå Sporty,Jakke
14046 Skaljakke dame lime,Jakke
14047 Skaljakke uni lime,Jakke
23973 Skjorte udstign bordx Sporty,Skjorte
25160 Fleece dame sort t/3i1 jakke,Sweatshirt
06210 Sweatshirt Gråmel 70/30,Sweatshirt
13804 Busseronne uni brdx Sporty,Busseron
22724 Skjorte uni bordeaux Sporty,Skjorte
13482 Skjorte Da Bordeaux Sporty,Skjorte
25390 Sweatshirt Arla grøn/gul,Sweatshirt
13264 Skjorte lady grøn Sporty,Skjorte
13267 Skjorte udstign. blå sporty,Skjorte
25386 Pilotjakke Arla grøn/gul,Jakke
25516 T-shirt k/æ dame marine,T-shirt
26055 T-shirt 1/2 ærme da lyseblå,T-shirt
26062 Skjorte uni navy Nature,Skjorte
13910 Benkl Kendal rød/grå kl 2,Bukser
10436 Polo t-shirt azur bom/ela,T-shirt
10596 Poloshirt pique uni m.blå b,T-shirt
10314 Benkl Da Juster Lin sort p/b,Bukser
11606 Polo t-shirt dame lysblå pro,T-shirt
23688 Buks u knæ grå/sort Motion,Bukser
23861 Cardigan uni sweat m/lyn navy,Sweatshirt
23945 Skaljakke uni Navy,Jakke
"22616 Fleece, microfiber uni hvid",Sweatshirt
12263 Vest m kn uni ma let P/B,Jakke
26056 T-shirt k/æ dame lyseblå,T-shirt
26079 Benkl da 245g mblå Shape,Bukser
13268 Skjorte lady blå Sporty,Skjorte
00939 T-Shirt Lady Navy Bom k/æ,T-shirt
11306 Kedeldr kblå/mblå Icon  p/b,Overall
"22619 Fleece, microfiber uni sort",Sweatshirt
24873 T-shirt da k/æ lilla bom/ela,T-shirt
10694 Kit Best Practice l/æ hv pb,Kittel
11835 Kedeldragt grå/sort dyna P/B,Overall
11948 Benklæd m knæl pb Mascot sor,Bukser
26058 Unisexbusseronne Nature navy,Busseron
24819 Jeans dame CSR dark rock,Bukser
25385 Fleecejakke Arla grøn/gul,Sweatshirt
11078 Benkl Mblå/Kblå Icon Bom,Bukser
25028 Quilt uni sort til 3I1 jakke,Jakke
25391 T-shirt Arla grøn/gul,T-shirt
13231 Overall Sparkle kl 1 blå/gul,Overall
12425 Skjorte Sort Greenwood Bom,Skjorte
22827 Kokkejakke hv CHEF K/Æ T/K CC,Jakke
08125 Heldragt Hvid Alsistrong,Overall
22478 Overall knælom sort p/b,Overall
12338 Benklæder gravid sort P/B,Bukser
25383 Buks Arla grøn/gul kl.2,Bukser
24117 Sweatshirt Flamestat mar/gul,Sweatshirt
13487 T-shirt dame azur Prowear,T-shirt
24593 T-shirt You dame Kornblå,T-shirt
26176 Vest Dame Csr Dark Rock,Jakke
12754 Cardigan m/kontras lady navy,Andet
26253 Skjorte lady grå Sporty,Skjorte
24786 Skjorte Uni Navy Sporty,Skjorte
25179 Pull on uni CSR dark rock,Andet
25384 Overall Arla grøn/gul kl.2,Overall
13266 Skjorte uni blå Sporty,Skjorte
24725  Fleece uni sort Zip n mix,Sweatshirt
23367 Unisexbusseronne Nature blå,Busseron
26254 Skjorte udstign. grå Sporty,Skjorte
25184 Cardigan uni grå melange,Andet
26220 Kedeldragt kl.3 gul/sort,Overall
22477 Overall u.knælom mørkgrå p/b,Overall
24780 Benkl uni CSR dark rock,Bukser
09610 T-Shirt Lady Lysblå Bom,T-shirt
22156 Benkl håndv kl2 Wigan gu/mbl,Bukser
26081 Benkl da 215g mblå Shape,Bukser
24720 Skaljakke unisex marine,Jakke
12864 Poloshirt Azur Prowear,T-shirt
24597 T-shirt You unisex Kornblå,T-shirt
23085 Forklæde Sort m/smæk CC,Forklæde
25389 Softshell Arla grøn/gul,Andet
12151 T-shirt 1/2 æ lady lblå PB,T-shirt
26625 Håndv.buks ACC SZ marine,Bukser
22308 Kokkejk sport uni k/æ sort,Jakke
13030 Overalls Din Bilp s/rd 2013,Overall
24616 Cardigan dame marine,Andet
24782 Funktionsbuks m ela/liv navy,Bukser
05120 Benkl M/Knæl Marin/K.Blå P/B,Bukser
22704 kokkebenkl uni m/ela sort,Bukser
12452 Jakke Trenton navy bom,Jakke
26181 T-shirt da k/æ navy CoolDry,T-shirt
05551 Overall Kongeblå Bom Kansas,Overall
26622 Shorts ACC 4Z marine,Shorts
12161 Poloshirt Kblå Prowear,T-shirt
12612 Cardigan m/kontra uni mblå,Andet
22476 Overall u.knælom marine p/b,Overall
10686 Benkl Sparkle EN20471  Flam,Bukser
26794 Kokkejakke k/æ hvid brod. KK,Jakke
25025 Skaljakke uni aqua,Jakke
23821 Poloshirt Vision mblå/gul,T-shirt
12112 Overall blå/gul kl 1 Lumi,Overall
27094 Skaljakke dame marine Ålborg,Jakke
24112 Jakke Flamestat gul/mar,Jakke
24590 Fleece dame marine Zip'n'mix,Sweatshirt
03359 Arb.Sko B2 M/Søm S3,Andet
09886 Kokkeja tryk k/æ bordeaux,Andet
23687 Buks u knæ sor/grå Motion,Bukser
01093 T-Shirt unisex rød pb,T-shirt
"13939 Håndv.overall kl2 gul/sort 2,0",Overall
24247 Benklæder MA/GUL M/Lommer,Bukser
22698 Forklæde charcoal m/smæk,Forklæde
"29618 Jakke Stræk, Grå/Sort",Jakke
02498 Jak 20471 soft shell oran p/b,Jakke
08954 Skjorte navy m/rød FlameQ,Skjorte
24626 Damebukser alm. Talje hvid,Bukser
23817 Bukser Vision mblå/gul,Bukser
08376 T-shirt lady sort k/æ pb,T-shirt
24890 Busseronne dame k/æ marine,Busseron
26255 Busseronne uni grå Sporty,Busseron
13785 Håndværkerbuks Springf sort,Bukser
26467 T-shirt CSR dame grå,T-shirt
13911 Benkl Leeds grå/rød kl. 1,Bukser
23683 Buks m knæ grå/sort Motion,Bukser
10416 Kokkejakke trykknap L/Æ hvid,Jakke
01868 Prostretch Overall P/B Grå,Overall
23151 Benkl marine Tera TX,Bukser
00593 Benkl Hr M/Snøre HV P/B,Bukser
12457 Benklæder Industry grå Bom,Bukser
"29560 Benklæder Combat, Sort P/B",Bukser
"29666 Skjorte, Marine",Skjorte
11960 Busseron uni k/æ v/h navy,Busseron
03702 Sweatshirt Grøn 70/30,Sweatshirt
10981 T-shirt prowear dame hvid pb,T-shirt
23069 Kokkejakke hv K/Æ T/K CC,Jakke
06968 T-Shirt da l/æ sort bom,T-shirt
26468 T-shirt CSR unisex grå,T-shirt
23641 Unisexbusseronne Nature Lime,Busseron
06443 Jakke hyg kina 2 iv mblå,Jakke
24785 Skjorte udstign. navy Sporty,Skjorte
22464 Overall knælom mørkegrå bom,Overall
10084 Lady T-shirt rød k.æ pb,T-shirt
26632 Buks m/knæl. ACC 4W sort,Bukser
08918 Sweat-Shirt Vask,Sweatshirt
26664 T-shirt dame 1/2 ærme navy,T-shirt
12741 Cardigan m/kontra uni sort,Andet
05909 Poloshirt Lysblå Prowear,T-shirt
12459 Skjorte Industry grå bom,Skjorte
06810 BagerforklædeSort/HvidTernCC,Forklæde
03770 Arb.Sko Air Galaxy 2XL S1,Andet
04276 Kittel Lux Kblå P/B Kansas,Kittel
12045 Overall gul/ma EN471 Flamestat,Overall
"29637 Overall Stræk, Grå/Sort",Overall
26882 Pull on buks uni navy Active,Bukser
12427 Benklæde Sort Biloxi Bom,Bukser
26144 Jeans Navia denim blå,Bukser
11019 Skjorte mblå m/rød FlamePro,Skjorte
25994 Overall FlamePro NY mar/rød,Overall
13261 Busseronne uni grøn Sporty,Busseron
25499 Benkl pull-on 215g mblå Shap,Bukser
13818 Busseronne uni Sky,Busseron
13819 Skjorte funktion dame Sky,Skjorte
22703 Sportspolo Da M Pip Marine,T-shirt
22580 Kokkejakke hvid p/b Spar,Jakke
04117 Benkl M/Knæl M.Blå/K.Blå Bom,Bukser
04145 Overall M/Knæ Mblå/K.Blå Bom,Overall
22948 Sjælevarmer microfleece navy,Sweatshirt
26539 T-shi CSR da v-hals k/æ lblå,Andet
06904 Skjorte Sort L/Æ P/B,Skjorte
25502 Benkl uni 245g mblå Shape,Bukser
"22621 Fleece, microfiber da hvid",Sweatshirt
22234 Skjorte Slim l/æ lblå Scania,Skjorte
25518 T-shirt k/æ uni marine,T-shirt
10629 Sweatshirt gul 70/30,Sweatshirt
22229 Kokkeskjorte l/æ kinak grå,Skjorte
25995 Overall FlamePro NY sort/grå,Overall
02151 Sweatshirt Rød 70/30,Sweatshirt
09106 Pilotjakke Vask,Jakke
22238 Strikbluse m V herre Scania,Andet
12732 Arb.sko Atlas XP205 snør S1P,Andet
27199 Benkl Pull-On 215g Mblå Shap,Bukser
05135 Jakke M.Blå/K.Blå Bom Colour,Jakke
26006 Sikh.sko Move sort/grå S1P,Andet
11607 Polo T-Shirt Dame Navy Pro,T-shirt
27612 Buks m/knæl.  SZ sort,Bukser
11067 Jakke Grå/sort Icon p/b,Jakke
26883 Dame Fusion Shirt blå,Andet
27764 Poloshirt Arla grøn/gul,T-shirt
27763 T-shirt Arla grøn/gul,T-shirt
26881 Overtræksbuks marine,Bukser
28249 Kittel hvid 3 udv. Lom,Kittel
01451 Polo Sweatshirt Sort P/B,Sweatshirt
27698 Polo dame marine trykknap,T-shirt
13337 Kokkejakke hv stjerne KÆ,Jakke
23792 Benkl Manhattan mblå denim,Bukser
13338 Kokkejakke hv stjerne LÆ,Jakke
14151 Kittel 2 udvlom hv low risk,Kittel
23146 Vinterjak gu/mar Cantex kl.3,Jakke
11787 Sweatshirt navy bom,Sweatshirt
27852 T-shirt kl. 2 orange/grå,T-shirt
"29638 Overall Combat Bomuld, Sort",Overall
13810 Bukser koksgrå/grå Volvo,Bukser
25155 Vest m/velcro orange kl. 2,Jakke
25172 Softshellvest herre sort,Jakke
08623 Overall Termo Vask,Overall
26075 Funktionsbuks dame navy,Bukser
11384 Skjorte m/trykknap Sort P/B,Skjorte
"07867 T-Shirt L/Æ, Grå Melage p/b",T-shirt
14144 Benk pull up/rib hv max risk,Bukser
26434 Halsvarmer Hvid,Andet
22162 Tshirt 20471 kl2 Espinosa gu,T-shirt
06305 Benkl Dame Jeans404 Sort P/B,Bukser
11844 Overall navy/kblå dyna Bom,Overall
26624 Overall m/knæl. ACC SZ sort,Overall
23682 Buks M Knæ Sort/Grå Motion,Bukser
12321 Jakke Splash En20471 kl 2 Flam,Jakke
26988 Kokkejakke CSR k/æ sort,Jakke
22932 Kokkejakke m trykk L/Æ hv CC,Jakke
28397 Halvbussero dame lblå Nature,Andet
03424 Sandal R2 m/søm S1P,Andet
22129 Skjorte højsyn Vision mblå/gu,Skjorte
00560 Benkl Prostretch Grå/Sor P/B,Bukser
28736 Servicebuks ACC 4W grå,Bukser
23964 Sievi Sweet Roller+ S3 - BOA,Andet
28722 T-shirt ACC rød/ant,T-shirt
28729 Fleecejakke ACC rød/antra,Sweatshirt
29102 Skjorte Ternitz marine flame,Skjorte
09834 Tunika dame v/hals grå,Andet
22868 Forklæde Sort Raw smæk,Forklæde
28734 Buks m/knæl ACC Safe rød/ant,Bukser
04245 Overall Kongeblå P/B Kansas,Overall
28461 Bukser ACC dame diamond sort,Bukser
13469 Jakke flammehæm Scania,Jakke
13784 Håndværkerbuks Springf mblå,Bukser
00592 Benkl Da M/Opsmøg HV,Bukser
03311 Benkl M/Knæl Grå/Sort P/B,Bukser
12099 Benklæder blå/gul kl 1 Lumi,Bukser
27205 Skaljakke unisex marine,Jakke
11295 Benkl hvid/grå Icon pb,Bukser
23697 Benk Revision EN20471 kl1 gu,Bukser
25996 Buks FlamePro NY sort/grå,Bukser
05550 Benkl m knæ kblå bom ICON1,Bukser
26466 Poloshirt m/trykknap sort,T-shirt
27129 Pull on buks uni sort Active,Bukser
12609 Poloshirt pique stretch sort,T-shirt
28196 Heldragt hvid,Overall
"29540 Benklæder Combat, Sort Bomuld",Bukser
07297 Kokkeben Dame HV/So M/Lyn Pb,Andet
22302 Fleece EN20471 kl3 gu,Sweatshirt
22328 Sweats m lyn Maringa kl3 gul,Sweatshirt
25338 Kedeldr. Sparkle mar/gul kl2,Overall
22168 T-Shirt unisex sølvgrå pb,T-shirt
23957 Buks m/hængelom. FR Kl. 2,Bukser
01036 Busseron 1/Indv L/Æ Mblå P/B,Busseron
23755 Vinteroveralls Marine,Overall
08634 Skjorte grå m/rød FlameQ,Skjorte
29088 Bukser bomuld navy,Bukser
12652 T-shirt l/æ flame/antis navy,T-shirt
26665 T-shirt dame 1/2 ærme lblå,T-shirt
05125 Overallm/Knæ Marin/K.Blå P/B,Overall
23969 Mascot Flex S3 - BOA,Andet
14083 Overall multi gul/mar Davos,Overall
29200 T-shirt stretch dame azur,T-shirt
13451 Benkl Navy M Rød Scania,Bukser
23657 Busseron Uni V/H bordeaux,Busseron
09813 T-Shirt Vask,T-shirt
28723 Shorts ACC Safe rød,Shorts
13471 Overall flammehæm Scania,Overall
13749 Benkl håndv Atlanta mblå bom,Bukser
"29640 Jakke Safety+, Marine",Jakke
22869 Kokkesk. Sort korte ærmer,Andet
25325 Buks  IconX p/b sort,Bukser
09691 Skjorte P/B Vask,Skjorte
26350 Ventebuks let navy Shape,Bukser
03925 Knickers 20471 kl2  gu/navy,Andet
13384 Termovest Marine Indv. Lomme,Jakke
28793 Benkl M/Lom Grå Low Risk,Bukser
11506 Forklæde cafe sort p/b,Forklæde
12736 Arb.skAtlas Alutec165 XL S1P,Andet
03358 Arb.Sko R3 M/Søm S1P,Andet
13931 Uldbenkl sort Amcor,Bukser
22542 Skjorte trykkn k/æ lblåAMCOR,Skjorte
22543 Skjorte trykkn l/æ lblåAMCOR,Skjorte
27726 T-shirt uni marine Light,T-shirt
27922 Skjorte uni m.grøn Sporty,Skjorte
24059 Kokkejakke Pisa CSR k/æ hvid,Jakke
13346 Hue Visby mblå,Andet
22330 Sweats m lyn Maia kl2 rød/gr,Sweatshirt
27921 Skjorte lady m.grøn Sporty,Skjorte
07957 Busseronne da v/h mblå,Busseron
08411 T-shirt unisex koks k/æ bom,T-shirt
14120 Zonekittel u/lom hvid m rød,Kittel
27362 Dame Fusion Shirt blue dark,Andet
26888 Dame Fusion Skjorte grøn,Skjorte
05314 Benklæder Låne,Bukser
27710 Jakke quilt uni navy Nordic,Jakke
11294 Benkl grå/rød Icon pb,Bukser
22281 Benkl. da marine Motion p/b,Bukser
09573 Hue - Vask af Privat,Andet
"29400 Overtræk 2,5 cm skygge hvid",Andet
02265 Benkl m knæ mblå Icon1,Bukser
27363 Unisex Fusion Shirt,Andet
29314 Overall m/knæl. ACC SZ grøn,Overall
23658 Tunika da v/hals navy,Andet
27197 Benkl da 215 mblå Shape,Bukser
29199 T-shirt stretch dame oliven,T-shirt
29981 T-Shirt Sort Bayern,T-shirt
08781 Fleece EN20471 kl3 gul,Sweatshirt
11323 Benklæder vente hvid p/b,Bukser
03907 Kittel Navy Microfiber Tråd,Kittel
13510 Lægekittel K/Æ Bomuld,Kittel
27029 Cardigan marine Prowear,Andet
29325 Flex buks uni sort Active,Bukser
27662 Arbejdsjakke ACC p/b az/ma,Jakke
29198 T-shirt stretch uni oliven,T-shirt
26866 Buks m/knæl. SZ ACC marine,Bukser
29317 Kokkejakke Pisa k/æ oliven,Jakke
23659 Tunika da v/hals lyseblå,Andet
11842 Benklæder navy/kblå dyna Bom,Bukser
13515 Busseron Uni V/H navy p/b,Busseron
02811 Benklæde En471 Orange/Mblå,Bukser
01979 Kasket m.net og hårnet DIN,Andet
13809 Jakke koksgrå/grå Volvo,Jakke
26961 T-shirt CSR dame lysblå,T-shirt
27998 T-shirt uni grøn Light,T-shirt
22645 Benk antr/sort Mannheim Auto,Bukser
04519 Jakke Kongeblå Bomuld Kansas,Jakke
23150 Overall gul/ma Cantex kl.2,Overall
13374 Skjorte grå Match p/B,Skjorte
23013 Kokkejakke navy Taste K/Æ,Jakke
27110 T-Shirt Csr Unisex Lysblå,T-shirt
05161 Benkl Hr Sort P/B m tom.lom,Bukser
22205 Pilotjak EN20471 Hastin rø/g,Jakke
30002 T-Shirt L/Æ Acc Rød/Marine,T-shirt
28396 Vest dame navy Super Cool,Jakke
11358 Polo t-shirt L/Æ  sort p/b,T-shirt
24105 Bump Cap Aerolite marine 5cm,Andet
25118 Softshellvest dame sort,Jakke
12324 Overall Splash EN20471 kl1 Fla,Overall
22323 Softshell Kiama kl2 rød/grå,Andet
27863 T-shirt uni s.grey Light,T-shirt
23415 Sjælev rib fleecefor mblå,Sweatshirt
27100 Fleecejakke marine,Sweatshirt
14153 Jakke 2 udv lom hv low risk,Jakke
09481 Benklæder P/B Vask,Bukser
23278 T-shirt Geyser uni navy,T-shirt
12292 T-shirt uni  Lime P/B,T-shirt
29982 T-Shirt Sort Terminalen,T-shirt
29206 Overall Arla Inbound gr/gul,Overall
26613 T-Shirt Acc Grå/Sort,T-shirt
26618 Arbejdsjakke ACC grå/sort,Jakke
12654 Underbenkl. Flame/antis navy,Bukser
22242 Softshelljakke herre Scania,Jakke
11958 Busseronne dame k/æ cerise,Busseron
12455 Overall Industry grå bom,Overall
25500 Benkl uni 215g mblå Shape,Bukser
12454 Overall Lowell Navy Bom,Overall
04427 Kit. Dame Kina 3Udv Hvid Bom,Kittel
11966 Overall marine/rød Dyna P/B,Overall
08421 T-shirt unisex hvid k/æ bom,T-shirt
"29691 Sweatshirt, Sort",Sweatshirt
01866 Polo T-Shirt Koksgrå P/B,T-shirt
13107 Kedeldragt Industry Bom Sort,Overall
05417 Jakke M/Lyn Mblå Bom,Jakke
29297 Jakke ACC Safe gul/mar 4WS,Jakke
28048 Benkl. Pull on let navy nord,Bukser
24762 T-shirt da k/æ blåmela Pro,T-shirt
27450 Unisexbusseronne Nature gul,Busseron
26637 Vinterjakke ACC grå/sort,Jakke
26083 T-shirt Geyser uni petrol,T-shirt
26796 Kokkejakke l/æ hvid brod. KK,Jakke
28668 Busseronne da mblå DreamCool,Busseron
07844 Polo Sweatshirt Navy 70/30,Sweatshirt
24640 Kokkejakke k/æ uni grå Taste,Jakke
26192 T-shirt CSR unisex marine,T-shirt
"29676 Poloshirt l/æ Safety, Sort",T-shirt
26436 Termoundertrøje rund hals so,Andet
08953 Jakke flam FlameQ Mblå/rød,Jakke
12458 Skjorte Greenwood navy bom,Skjorte
14123 Overall food hvid p/b,Overall
13941 Skjorte bomuld kongeblå,Skjorte
25196 Regnbuks uni navy pol/pu,Bukser
06986 Overall Marine/Grøn P/B,Overall
26984 T-shirt Geyser uni gråmel,T-shirt
11523 Arb.Sko Sievi Roller S3,Andet
28047 Benkl. uni let navy nordic,Bukser
24020 Overalls bomuld grå/sort,Overall
10980 Poloshirt pro dame sort pb,T-shirt
27859 T-shirt dame lblå PRO Light,T-shirt
28976 Vest dame m.blå Dream Soft,Jakke
27725 T-shirt uni lblå PRO Light,T-shirt
25027 Skaljakke dame aqua,Jakke
"29402 Bumpcap 2,5 cm skygge marine",Andet
28989 Benkl pull-on 245g hvid Shap,Bukser
22836 Sweatshirt rød HiVis Wigton,Sweatshirt
29315 Buks m/knæl. Let ACC grøn,Bukser
04333 Kokkeja.Hvid M/FastKn.BomCC,Andet
22537 Kedeldr EN20471 kl 3 gul,Overall
28855 Hovedtørklæde marine pull on,Andet
09480 Kedeldragt P/B Vask,Overall
26003 Sikkerh.sko Move sort S1P,Andet
23896 Shorts Revi EN20471 kl2 gu,Shorts
25991 Jakke FlamePro NY mar/rød,Jakke
28993 T-shirt dame lysblå Lyocell,T-shirt
23134 Sweatshirt gu/ma Cantex kl.1,Sweatshirt
08723 Sweatshirt sort m/hætte,Sweatshirt
13029 Bukser Din Bilp srt/rd 2013,Bukser
26621 Overall m/knæl. ACC SZ mar,Overall
13400 Jakke TEST tøj,Jakke
13398 T-Shirt TEST tøj,T-shirt
13399 Skjorte TEST tøj,Skjorte
13401 Benklæder TEST tøj,Bukser
26626 Håndv.buks ACC SZ sort,Bukser
35057 Test shorts Aarhus Kommune,Shorts
30206 Jakke Løvbjerg sort,Jakke
13698 Kit H 3Udvl Hvid Pb m/rib,Kittel
26082 T-shirt Geyser da petrol,T-shirt
30196 T-shirt uni navy Geyser,T-shirt
10459 Sweatshirt sort bom,Sweatshirt
30107 Skjorte FOOD u/lomme marine,Skjorte
23079 Tj Forklæde Sort 90x100 Cc,Forklæde
24850 Busseronne uni hvid Basic,Busseron
29039 Fleecejak Arla gr/gu dame,Sweatshirt
35040 Benkl Da M/Ela 2 Lom HV P/B,Bukser
30197 T-shirt dame navy Geyser,T-shirt
22882 Overall Leipzig so/grå AUTOM,Overall
13977 Benkl håndv Atlanta sort bom,Bukser
26627 Servicebuks dame ACC sort,Bukser
02925 Benklæde Dame Hvid P/B,Bukser
29117 Buks Arla Inbound grøn/gul,Bukser
11833 Overall navy/kblå dyna P/B,Overall
26544 Sweatjakke EN20471 rød/sort,Sweatshirt
29264 Buks m/knæl ACC Safe mar/gul,Bukser
"29696 Herreskjorte l/æ, Lysblå",Skjorte
"29235 T-shirt l/æ uni, oliven",T-shirt
26605 Sweatshirt ACC grå/sort,Sweatshirt
22830 Kokkejakke so CHEF K/Æ T/K CC,Jakke
13574 Overall u knæ kblå p/b ICON1,Overall
13561 Benkl service Berkeley So,Bukser
27795 Overall m/knæl. Hvid,Overall
11065 Jakke Kblå/mblå Icon p/b,Jakke
25055 T-shirt uni k/æ blåmelan Pro,T-shirt
11952 Overall m knæl pb Mascot grå,Overall
13820 Halvbusseronne dame Sky,Busseron
04155 Kokkejakke HV M/Løs Knap Bom,Jakke
09743 Overall Bomuld Vask,Overall
13414 Sweatshirt Hi-Vis Gul,Sweatshirt
27804 Træsko m/sikh. Sort S1P,Andet
02938 Benkl Sort P/B,Bukser
05361 T-Shirt 3 Funktion P/B L/Ærm,T-shirt
05791 Benkl Prostretch Mblå P/B,Bukser
12683 T-shirt Navy Lady L/Æ Bom,T-shirt
12934 Vinterjak Sparkle En20471 Flam,Jakke
13263 Skjorte udstign. grøn sporty,Skjorte
13296 Trafikvest ESD EN471 Special,Jakke
13345 Halsedisse Kalmar mblå,Andet
13496 Vinterjak Splash EN20471 kl2,Jakke
13745 Overall Newark sort tw,Overall
14143 Benkl semi pull up max risk,Bukser
22405 Benkl HK Scan navy/rød,Bukser
23745 Benklæder grå/blå Bosch Car,Bukser
23746 Overall grå/blå Bosch Car,Overall
23815 Softshell gul EN20471 kl3 Re,Andet
24007 Sandal Aero BOA S1P,Andet
24053 Softshell Kiama gul/marine,Andet
24598 T-shirt uni k/æ turkis You,T-shirt
25570 Overalls gul/marine KL2,Overall
27216 Jakke Galaxy grå/rød,Jakke
27290 Funktionsbuks m ela/liv hvid,Bukser
27861 T-shirt uni hvid Light,T-shirt
28316 Joggingbuks let hvid,Bukser
29222 Hovedtørklæde hijab marine,Andet
29950 Benklæder Gravid Grå,Bukser
10988 Poloshirt Hvid Prowear,T-shirt
04579 Overall Hvid Bom Kansas,Overall
04198 Benkl Hr Navy,Bukser
04508 Benklæder Hvid Bom Kansas,Bukser
05155 Benklæde Hr Mblå/Kblå P/B,Bukser
"03304 Dameskjorte, Figur HV/Lime",Skjorte
04657 Jakke Grå/Sort Bomuld,Jakke
04969 Vaskenet 50X70 Hvid M Fane,Andet
04221 Kedeldragt Kongeblå P/B,Overall
09555 Overall Vask,Overall
06360 Bagerskjorte HV. L/Æ P/B,Skjorte
00573 Termokedeldr Marine P/B,Overall
06402 Jakke Herre Grå/Sort Bom,Jakke
04972 Jakke Pilot Enterp. Grå/Sort,Jakke
10218 Overall FlameQ u/k mblå/rød,Overall
08949 Benklæde flam FlameQ Mblå/rød,Bukser
10128 Overall FlmQ mbl/rø brystlom,Overall
10184 Benkl FlameQ u/knælo mbl/rød,Bukser
06096 Benkl Prostretch hvid p/b,Bukser
10078 Overall m/refleks rød p/b,Overall
06165 T-shirt coolmax marine,T-shirt
06142 Soft Shell Jakke marine,Jakke
07513 Ben Mblå Bom Knæ + Lårlom,Andet
00460 Jakke Mgrå P/B Automester,Jakke
09751 Termokedeldragt Vask,Overall
13016 Striktrøje NAXOS blågr b/akr,Andet
04798 Termojakke Marineblå,Jakke
11858 Pilotjakke Livigno gul/ma.,Jakke
09967 Benkl Da Lav Denim Coolmax,Bukser
12334 Benklæder Hr pepita P/B,Bukser
06309 Busseronne Stribet P/B,Busseron
04605 Benklæder Grøn Bom Kansas,Bukser
07084 Pilotjakke M/Blå Airtech,Jakke
"10439 Pilotjakke, blå, hygiejne",Jakke
11308 Kedeldr grå/sort Icon  p/b,Overall
07344 Tj.forkl.u/lom sort 90x110,Forklæde
06175 T-shirt aktiv hvid,T-shirt
04101 Tunika K/Æ 3 Lom Hvid P/B,Andet
07463 Ov Hvid Bom Knæ + Lårlom,Andet
12335 Benklæder dame sort P/B,Bukser
08542 Cardigan sweatshirt sort LÆ,Sweatshirt
07569 Ben Mblå P/B Knæ + Lårlomme,Andet
11829 Benklæder navy/kblå dyna P/B,Bukser
01713 Læderbælte Sort,Andet
02771 Vinterjakke Elis Chauffør,Jakke
13834 Overall Sunderl grå/or kl. 1,Overall
13835 Jakke Oxford or/grå kl. 2,Jakke
13208 Jakke sort/grå FlamePro,Jakke
10182 Fleece/Soft Shell vask,Sweatshirt
09715 T-shirt K/Æ Lady Kiwi P/B,T-shirt
11956 Kedeldragt knæl pb Mascot mb,Overall
12630 Sweats EN471 gul/sort 25575,Sweatshirt
04205 Benklæder Grøn P/B Kansas,Bukser
04209 Jakke M/Lyn Grøn P/B Kansas,Jakke
10692 Kit Best Practice k/æ blå pb,Kittel
09796 Polo pro m trykknap mblå,T-shirt
11014 T-shirt En471 gul m refl,T-shirt
09064 Benkl Bomuld,Bukser
12361 Kokkejakke sort 3/4 P/B,Jakke
07343 Termovest Blå,Jakke
09104 Cardigan Vask,Andet
"22212 Jakke, zone u/lom kblå",Jakke
22585 Hætte MacKenzie marine knap,Andet
09753 Termojakke Vask,Jakke
22380 Heldragt m lynl og rib hvid,Overall
12283 Sweatshirt Tucson Grå P/B,Sweatshirt
01534 Jakke Toyota Grå/Rød P/B,Jakke
12866 Thermokedeldragt hyg hvid,Overall
06457 Jakke Bosch Car Ser grå/lblå,Jakke
22322 Softshell Kiama kl2 or/grå,Andet
11953 Overall Richmond mknæ pb mbl,Overall
"22213 Jakke, zone u/lom rød",Jakke
01895 Sweatshirt Bordeaux P/B,Sweatshirt
08519 Kedeldragt Advarsel Vask,Overall
22320 Softshell Blackpool kl2 rø/g,Andet
13892 Funk.skjorte uni grøn Fusion,Skjorte
04543 Skjorte Hvid Bomuld Kansas,Skjorte
13694 Jakke quiltet m refleks sort,Jakke
"10648 Poloskjorte m/lyn, hv. uni bom",T-shirt
13822 T-shirt l/æ bom,T-shirt
02779 Vest Elis Chauffør,Jakke
12391 Skaljakke kl 3 gul/blå Elis,Jakke
03392 Benkl hr denim coolmax hvid,Bukser
11343 Sjælevarmer marine,Andet
09757 Vest Termo Vask,Jakke
08023 Kedeldragt Grå/Sort Bom,Overall
22404 Overall HK Scan navy/rød,Overall
14122 Zonekittel u/lom hvid m blå,Kittel
22315 Fleece Sheffield kl2 gu/mblå,Sweatshirt
08517 Benklæder Advarsel Vask,Bukser
22474 Overall u.knælom marine bo,Overall
11336 Softshell til let jak sort,Jakke
25992 Jakke FlamePro NY sort/grå,Jakke
12392 Foer til skaljakke Elis Mblå,Jakke
22132 Kedeldragt mblå Volvo,Overall
25165 Smækforklæde Sort med alm. kna,Forklæde
12749 Pilotjakke gul/marine P/B,Jakke
22338 Sweatshirt Montijo antra/rød,Sweatshirt
25686 Vest uni marine Randers,Jakke
08518 Overall Advarsel Vask,Overall
13209 Jakke mblå/Rød FlamePro,Jakke
08516 Jakke Advarsel Vask,Jakke
22169 Kasket m/net grå,Andet
05419 Overall Blå Bomuld,Overall
22233 Skjorte Reg k/æ lblå Scania,Skjorte
23523 Pilotjakke grå/sort,Jakke
22235 Skjorte Slim k/æ lblå Scania,Skjorte
22400 Polo T-shirt Scania Herre,T-shirt
08705 Regntøj Kedeldragt,Overall
24589 Balaclava sort Kindu,Andet
11996 Jakke m.f gul/ma antif EN471,Jakke
10180 Overall marine/gul pb Hella,Overall
02817 Jakke 701 Sort P/B,Jakke
22470 Bukser knælom mørkegrå bom,Bukser
13913 Overall Sunderl grå/rød kl 1,Overall
24118 Pilotjakke Flamestat gul/mar,Jakke
22244 Softshell Vest Herre Scania,Jakke
22243 Softshell jakke dame Scania,Jakke
22652 Jakke Fulda grå/sort AutoM,Jakke
23117 Værktøjsvest navy Baza,Jakke
11361 Tunika Dame med revers hvid,Andet
23527 Pilotjakke m/hætte m.marine,Jakke
09667 T-Shirt V-Hals Hvid K.Æ.,T-shirt
13212 Overall sort/grå FlamePro,Overall
10249 Skjorte advarsel vask,Skjorte
10250 Pilotjakke advarsel vask,Jakke
23903 Softshelljakke sort,Jakke
24591 Skaljakke uni sort Zip'n'mix,Jakke
22833 T-shirt rød HiVis Sandwell,T-shirt
11500 Jakke Mgrå P/B Automester,Jakke
23899 Termovest u/lom mblå,Jakke
25983 Buks FlameQ NY mar/rød,Bukser
12761 Ben uni elastik og knp denim,Andet
09239 T-Shirt K/Æ Da Hvid Bom,T-shirt
12150 T-shirt 1/2 Æ Lady Kiwi P/B,T-shirt
24980 T-shirt chauffør marine p/b,T-shirt
25689 Buks m/rib bomuld navy,Bukser
22241 Benklæder dame sort Scania,Bukser
23748 Jakke grå/blå Bosch Car,Jakke
24876 T-shirt uni k/æ lime bom/ela,T-shirt
12717 Nederdel all-in-one P/B,Andet
25161 Fleece uni sort t/3i1 jakke,Sweatshirt
23691 Håndværkerbuks grå Motion,Bukser
26846 Softshelljakke Flame gu/ma,Jakke
08680 Jakke Pilot Marine/Azurblå,Jakke
11286 Jakke Grå/rød Icon  p/b,Jakke
13759 Overall Augsb grå/sort Uniq,Overall
26061 Skjorte uni lyseblå Nature,Skjorte
13742 Benkl knæl Pittsburg sort tw,Bukser
26793 Forklæde m/smæk sort - KK,Forklæde
03889 Termojakke Hvid Quilt,Jakke
06458 Benkl Bosch Car S grå/lblå,Bukser
26177 Vest uni CSR dark rock,Jakke
14121 Zonekittel u/lom hvid m grøn,Kittel
25576 Skjorte grå,Skjorte
26182 T-shirt uni k/æ navy CoolDry,T-shirt
22324 Skaljakke Harlow kl3 gu/mblå,Jakke
25388 Shorts Arla grøn/gul kl.2,Shorts
10365 Poloshirt pique uni lilla bomu,T-shirt
29619 Jakke Combat P/B Sort,Jakke
"29649 Overall Combat, Sort",Overall
23680 Jakke stræk grå/sort Motion,Jakke
03632 Forkl. 802 M.Blå P/B M/Smæk,Forklæde
22485 Benkl Cheans hr dark blue pb,Bukser
24018 Bukser bomuld grå/sort,Bukser
09327 Shorts Vask,Shorts
10243 Strikketrøje vask,Andet
26191 T-shirt CSR dame marine,T-shirt
24120 T-shirt l/æ Flamestat sort,T-shirt
01681 T-Shirt K/Æ Hvid Bom,T-shirt
24606 Tunika dame gennemknap navy,Andet
26651 Sweatshirt EN20471 rød/sort,Sweatshirt
23142 T-shirt gul Cantex,T-shirt
29609 Shorts Advanced sort,Shorts
23822 Sweatshirt Vision mblå/gul,Sweatshirt
11969 Benkl. marine/rød Dyna P/B,Bukser
22130 Benkl m knæl mblå Volvo,Bukser
11825 Jakke Navy/kblå dynamic P/B,Jakke
25021 Cardigan m/kontrast lady grå,Andet
10369 Benkl. denim m.blå FAFE,Bukser
10087 Benklæder denim GenY blå bom,Bukser
25337 Fleecejakke kobolt/marine,Sweatshirt
10372 Kokkejakke hv satinstrib l/æ,Jakke
26059 Skaljakke dame navy,Jakke
26057 T-shirt k/æ uni lyseblå,T-shirt
24596 T-shirt You unisex  marine,T-shirt
22643 Benkl knæ Pittsburg mgr AutM,Bukser
25397 Bukser m/lommer Flame marine,Bukser
24016 Jakke bomuld grå/sort,Jakke
26256 Vest herre grå Sporty,Jakke
12389 Benklæd blå/gu Sparkle kl 1,Bukser
26887 Dame Fusion Skjorte blå,Skjorte
22159 Shorts 20471 kl1 Luton gu/mblå,Shorts
05122 Jakke Sort Kansas Pb,Jakke
13680 T-shirt k/æ grå Toyota,T-shirt
25986 Jakke FlameQ NY mar/rød,Jakke
10647 Vinterstøvle Solid XL S3,Andet
26889 Unisex Fusion Skjorte blå,Skjorte
22401 Polo T-shirt Scania Dame,T-shirt
06334 Jeans Dame Sort P/B,Bukser
24942 Softshell chauffør mar/gul,Andet
24939 Poloshirt chauffør mar/gul,T-shirt
09805 Prostrecht Overall P/B Kblå,Overall
29621 Jakke Combat Bomuld Sort,Jakke
11955 Kedeldragt knæl pb Mascot gr,Overall
22319 Softshell Blackpool kl2 or/g,Andet
11845 Kedeldragt grå/sort dyna Bom,Overall
13449 Kedeldragt navy m rød Scania,Overall
22237 Skjorte Dame k/æ lblå Scania,Skjorte
22163 Tshirt 20471 kl2 Espinosa or,T-shirt
22165 Polo 20471 kl2 Itabuna or,T-shirt
22236 Skjorte Dame l/æ lblå Scania,Skjorte
26554 Buks Mannheim rød/sort,Bukser
13831 Benkl Kendal or/grå kl2,Bukser
22201 Sweatshirt EN20471 Melita or,Sweatshirt
12141 Tunika m/ gennemknap mblå/hv,Andet
22825 Kokkejakke hv CHEF L/Æ T/K CC,Jakke
23068 Kokkejakke so L/Æ T/K CC,Jakke
12731 Arb.sko HKSDK B3 m snøre S3,Andet
04394 Skjorte dame Lys Blå P/B,Skjorte
23070 Kokkejakke so K/Æ T/K CC,Jakke
28222 Sweatshirt Wigton WB,Sweatshirt
25171 Hovedtørklæde navy pull-on,Andet
05172 Arb.Sko Sandal Promo 1 S1,Andet
27851 Poloshirt kl. 2 orange/grå,T-shirt
11316 Jak Pilot hvid/grå Icon pb,Jakke
27845 Overalls Wienerberger or/gr,Overall
28271 Skjorte Wienerberger orange,Skjorte
26034 Jakke EN20471 kl.3 gul/sort,Jakke
03421 Arb.Sko Al Hit 3XL+ S3HRO,Andet
13096 Sko Sort m blå S1 da,Andet
24619 Poloshirt Blåmel Prowear,T-shirt
05128 Jakke Marin/K.Blå Pb Colour,Jakke
28399 Halvbussero dame lgrøn Natur,Andet
12313 Jakke Lumi kl 1 blå/gul P/B,Jakke
25501 Benkl pull-on 245g mblå Shap,Bukser
23610 Kokkeskjorte k/æ hvid CC,Skjorte
25851 Overall Flame Q mar/rød,Overall
11824 Jakke sort/grå dynamic P/B,Jakke
28730 Jakke ACC.Safe rød/antracit,Jakke
22134 Kedeld flhæm mblå/or Volvo,Andet
22541 Kittel sort/grå p/b Icon,Kittel
26630 Servicebuks ACC 4W sort,Bukser
13470 Bukser flammehæm Scania,Bukser
22329 Sweats m lyn Maringa kl3 or,Sweatshirt
24000 Overall grå/so Leipzig AUTOM,Overall
28907 Kedeldragt Flame gul/marine,Overall
13685 Benkl inkl. Hellalogo marine,Bukser
22719 Pilotjakke kl 3 gul/blå,Jakke
13757 Jakke Fulda grå/sort Unique,Jakke
"27463 Skjorte p/b, sort",Skjorte
12828 Dameskjorte blå tern p/b,Skjorte
26820 Forklæde m/lom.indstik Sort,Forklæde
27805 Kaptræsko m/sikh. Sort S3,Andet
22644 Benkl Mannheim so/gr AutoM,Bukser
11945 Jakke m lyn pb Mascot sort,Jakke
02773 Jakke Windstopper BElisChauff,Jakke
10973 Cardigan sweatshirt mblå pb,Sweatshirt
25975 Håndværkerbuks Flame EN20471,Bukser
10452 POLO T-SHIRT UNI CHERISE,T-shirt
23121 Hovedtørklæde hvid pull on,Andet
11947 Jakke m lyn pb Mascot mblå,Jakke
08470 Kokkejakke Sort k/æ trykknap,Jakke
06459 Overall Bosch Car S grå/lblå,Overall
29197 T-shirt stretch dame aqua,T-shirt
08859 Busseronne blå/hv strib,Busseron
28941 T-shirt l/æ kl. 3 rød,T-shirt
24019 Overalls bomuld marine/konge,Overall
23268 Overalls Galaxy sort/grå,Overall
12895 T-shirt Arla Plain Green,T-shirt
22336 T-shirt Townsville antra/rød,T-shirt
"29541 Benklæder Enterprise, G/S",Bukser
05123 Overall Sort Kansas,Overall
28691 Buks uni Active marine,Bukser
12456 Benklæder Biloxi navy bom,Bukser
25842 Buks sort HSP,Bukser
25582 Termojakke uni sort Randers,Jakke
26629 Servicebuks ACC 4W marine,Bukser
29201 T-shirt stretch uni azur,T-shirt
09452 Benkl Bomuld Vask,Bukser
22809 Skj. hr sort L/Æ slimfit BOS,Skjorte
"29398 Overtræk 2,5 cm skygge marine",Andet
22647 Overall Augsburg gr/so AutoM,Overall
24747 Kokkeskjorte k/æ kinak grå,Skjorte
27193 Benkl uni 215g mblå Shape,Bukser
26858 Tights lang Craft sort,Andet
09702 Prostrecht Overall P/B Sort,Overall
26989 Kokkejakke CSR l/æ sort,Jakke
22812 Parkajak Air EN20471 kl3 gu/,Jakke
26604 Cardigan ACC grå/sort,Andet
22416 Skjorte Mesa m brystlom sort,Skjorte
13806 Vinterjakke Sort Columbus,Jakke
23966 Sievi GT Roller high+ S3,Andet
13378 Kokkejakke sort Taste KÆ,Jakke
26795 Kokkejakke k/æ sort brod. KK,Jakke
29178 Shorts Arla Inbound gu/grøn,Shorts
26585 Fleecejakke ACC azur/marine,Sweatshirt
13687 Sweatshirt Hellalogo marine,Sweatshirt
28000 Buks stretch mørk marine,Bukser
"29401 Bumpcap 2,5 cm skygge hvid",Andet
08078 Polo T-Shirt Vask,T-shirt
26603 Cardigan ACC azur/marine,Andet
13468 Kedeldragt flammehæm Scania,Overall
26152 Smækforklæde CSR oliven,Forklæde
28197 Regnjakke uni navy pol/pu,Jakke
23005 Jakke stræk mblå/kblå Motion,Jakke
27030 Buks m/knæl. ACC 4W grå,Bukser
25844 Overall sort HSP,Overall
13684 Jakke inkl. Hellalogo marine,Jakke
03714 Kasket m/hv net-hvid skyg,Andet
29270 Jakke Scania marine flame,Jakke
27091 Skaljakke Nordic marine,Jakke
00591 Hovedtørklæde m.blå m.ela,Andet
23276 T-Shirt Geyser Da Navy,T-shirt
28611 Tunika dame m.blå Dream C.,Andet
28991 T-shirt dame grøn Lyocell,T-shirt
27854 T-shirt dame grøn Light,T-shirt
27759 Unisex Pull on Buks Hvid,Bukser
24116 Fleecejakke Flamestat sort,Sweatshirt
27857 T-shirt dame navy PRO light,T-shirt
27629 Kokkeskjorte hvid,Skjorte
11449 Overall NEWARK mgrå pb,Overall
22881 Benkl Erlang so/grå AUTOM,Bukser
13262 Skjorte uni grøn Sporty,Skjorte
23958 Fleecejakke FR gul/mar,Sweatshirt
22225 Smækforklæde mocca knapstrop,Forklæde
26868 Servicebuks ACC SZ marine,Bukser
10984 Poloshirt Koksgrå Prowear,T-shirt
22702 Sportspolo uni m pip marine,T-shirt
26623 Shorts ACC 4W sort,Shorts
29277 Bukser Scania marine flame,Bukser
13210 Benklæder sort/grå FlamePro,Bukser
28997 T-shirt uni lysblå Lyocell,T-shirt
10974 Sweats cardigan mblå p/b DA,Sweatshirt
22417 Skjorte Mesa m brystlom grå,Skjorte
11823 Jakke grå/sort dynamic P/B,Jakke
22124 Benklæder ICON Mgrå p/b,Bukser
13417 Hovedtørklæde hvid 50x150,Andet
11978 Benkl smøg op uni hvid pb,Bukser
30249 Overall SZ Toyota sort,Overall
13659 T-shirt dame lime Prowear,T-shirt
22639 Benkl knæ Pittsburg so AutoM,Bukser
23996 Skaljakke uni Sort,Jakke
13681 Sweatshirt rød/grå Toyota,Sweatshirt
12445 Benkl. D twig sort Harmony,Bukser
25979 T-shirt Flame l/æ mar/gul,T-shirt
13676 T-shirt K/Æ rød/grå Toyota,T-shirt
23970 Mascot Flex S1P - BOA,Andet
26666 T-shirt dame 1/2 ærme hvid,T-shirt
13750 Polo tshirt Volvo sort/grå,T-shirt
10371 Kokkejakke hv satinstrib k/æ,Jakke
09282 Vest Advarsel Vask,Jakke
00505 Vejvest M/Reflek Ora/Gul kl3,Jakke
04102 Kokjakke Hvid M/Fast Kn. P/B,Jakke
06462 Kedeldr Bosch Car S grå/lblå,Overall
"08077 Jakke Engel , Point S",Jakke
08480 Kokkejakke Sort l/æ trykknap,Jakke
09390 Kittel Bomuld,Kittel
09932 Soft Shell Jakke Herre Sort,Jakke
12453 Jakke Industry grå bom,Jakke
12708 Fleece m foer sort POL,Sweatshirt
12903 Benkl Skoda 2013 lgrå P/B,Bukser
13498 Inderjakke t Multisplash,Jakke
13688 T-shirt inkl. Hellalogo grå,T-shirt
13791 Knickers Altona mblå Uniq,Andet
22289 Sweatshirt m lyn EN20471 rød,Sweatshirt
22424 Sweatshirt m lyn grå Volvo,Sweatshirt
22776 Jak pilot EN771 Loreto bl/gu,Jakke
22911 Benklæder grå Volvo,Bukser
23695 Overall marine/kblå Motion,Overall
24048 Sweatshirt Robert Bosch grå,Sweatshirt
24279 Bukser u/kl Motion Mar/kblå,Bukser
25862 T-shirt rød 20471 kl. 2 p/b,T-shirt
26153 Kokkejakke Pisa CSR l/æ hvid,Jakke
26219 Skaljakke 20471 gul/sort,Jakke
"27427 Heldragt flam Type 6, marine",Overall
28582 T-shirt ACC gul/marine,T-shirt
30261 Vinteroverall orange,Overall
05224 Jakke Hr Grå/Sort P/B,Jakke
07060 Benklæde Marineblå/K.Blå P/B,Bukser
05154 Benklæde Hr Grå/Sort P/B,Bukser
04611 Jakke Grå/Sort Color P/B,Jakke
02304 Benkl. Unisex U/Lår lom Hvpb,Bukser
10174 Overall EN471 gr/gu Arla pb,Overall
04612 Benkl Grå/Sort Color P/B,Bukser
02604 Jakke Hr Grå/Sort M Plast Pb,Jakke
07879 T-Shirt 3 Funktion P/B K/Æ,T-shirt
04660 Benkl Grå/Sort Color Bom,Bukser
07545 Ov Mblå Bom Knæ + Lårlomme,Andet
08026 Shorts Advarsel Vask,Shorts
05267 Slagterjakke Stri Blå P/B,Jakke
13893 Flexbuks unisex Denim Dark,Bukser
13671 Jakke let lang kiwi,Jakke
13945 Damebuks Denim Dark,Bukser
12332 Benklæder Hr sort P/B,Bukser
14016 Tjenerforklæde sort,Forklæde
08647 Kalot Sort P/B,Andet
14171 ISO20471 kl3 kedeldr or/ma,Overall
11309 Kedeldr grå/rød Icon  p/b,Overall
13776 Shorts Charleston mgrå p/b,Shorts
22131 Overall m knæl mblå Volvo,Overall
13807 Parkajakke mblå Dayton,Jakke
04608 Overall Rød P/B Kansas,Overall
08307 Jakke Regntøj Vask,Jakke
13944 Herrebuks Denim Dark,Bukser
07096 Rullekrave T-Shirt Navy,T-shirt
02264 Jakke M/Lyn Mblå P/B Kansas,Jakke
22066 Benklæder Berkeley marine,Bukser
12287 Skjorte Hampton Sort P/B,Skjorte
11013 T-shirt En471 orange m refl,T-shirt
22294 Jak Revision EN20471 kl3 or,Jakke
22297 Overall Rev EN20471 kl2 or,Overall
12429 T-shirt 1/2 æ lady rød PB,T-shirt
02710 Termobk Quilt Navy/Tern P/B,Andet
22314 Skjorte Jona EN20471 kl3 or,Skjorte
13917 Overall Newcast gul/mblå kl2,Overall
11522 Kasket M/net L.Hår Sort Po,Andet
11946 Jakke m lyn pb Mascot grå,Jakke
02809 Benklæder M/blå Elis Chauffør,Bukser
08838 Benkl Dame Navy P/B,Bukser
11553 Arb.sko m/velcro S2 sort,Andet
24072 Sikkerhedssko Dynamic sort,Andet
10014 Arb.Tsko Flex Sort m/hæl AEORO,Andet
12734 Arb.sko Atlas Alutec120 S1,Andet
24124 Hue Flamestat sort,Andet
09642 Vest Vask,Jakke
22224 Smækforklæde grå knapstrop CC,Forklæde
02806 Jakke En471 Orange/Mblå,Jakke
03353 Sædeovertræk p/b grå,Andet
11314 Shorts sort/grå Icon pb,Shorts
24121 Underbukser Flamestat sort,Bukser
12026 Smækforklæde m/knap navy,Forklæde
25053 Hue Flamestat sort,Andet
05454 Benklæder Marine P/B,Bukser
24122 Ziptrøje Flamestat sort,Sweatshirt
25020 Balaclava Flame sort,Andet
09764 Skjorte Bomuld Vask,Skjorte
06082 Sok Tynd Lilla pr. kg. 44/47,Sokker
"29542 Benkl Galaxy m.lom, Sort/Grå",Bukser
11954 Kedeldragt knæl pb Mascot so,Overall
13310 Kokkejak hv/so piptrkkn L/Æ CC,Jakke
23149 Benkl gul/marine Cantex kl.1,Bukser
12096 Chefkokjk Hv m/manchet,Jakke
24001 Benkl hr sort Chino stretch,Bukser
13915 Benkl Kendal gul/mblå kl 2,Bukser
13740 Jakke Rockford sort tw,Jakke
23679 Jakke stræk sort/grå Motion,Jakke
24588 Strikhue gul,Andet
07976 Tennissok luksus hvid,Sokker
06741 Busseron uni v/h lblå p/b,Busseron
13668 T-shirt active unisex sort,T-shirt
22694 Kokkeskjorte l/æ kinakhvid CC,Skjorte
11488 Kokkejakke hvid løs knap p/b,Jakke
24711 Sko m/BOA White Roller,Andet
07093 SWEATSHIRT Euromast KBLÅ P/B,Sweatshirt
25489 Buks 20471 gul/marine kl.2,Bukser
"29639 Vinterjakke Galaxy, Sort/Grå",Jakke
09257 T-Shirt Lang/Ærme Vask,T-shirt
14149 Benk semi pull/lom high risk,Bukser
22469 Bukser knælom marine bom,Bukser
22742 Benkl m knæ hvid p/b ICON1,Bukser
09177 Forklæde,Forklæde
10016 Arb.Sko Hytte Sort AEORO,Andet
"27752 Pilotjakke Penrith, gul/grå",Jakke
22310 Strikhue,Andet
24943 Trøje zip mar/gul chauffør,Andet
05910 T-shirt undertrøje hvid,T-shirt
13790 Softshell Tampa mblå Indust,Andet
27755 Skjorte Oxford lysblå,Skjorte
11304 Overall hvid/grå Icon  p/b,Overall
13591 Jakke Capri Grå/sort,Jakke
09252 Bluse Vask,Andet
25432 Shorts Icon2 p/b grå/rød,Shorts
22383 Benkl Bex multi grå,Bukser
12331 Benklæder m ela pepita P/B,Bukser
01531 Overall Toyota Rød/Grå P/B,Overall
08403 Kuskeforklæde Vask,Forklæde
22166 Forkl smæk XL Cater Serv ISS,Forklæde
13227 Regnjak EN471 Gul/blå kl 3,Jakke
13228 Regnbuks EN471 Gul/blå kl 1,Bukser
22167 Forkl tjener Cater Serv ISS,Forklæde
"29667 Skjorte Bomuld, Marine",Skjorte
22218 Benkl m stræk  Lerida sort,Bukser
29988 Vinterjakke G/S Frankfurt,Jakke
23266 Herrebuks Smalle ben Sort,Bukser
23757 Overall Leipzig so/grå,Overall
22864 Forklæde Khaki Raw smæk,Forklæde
13477 Skjorte Dame City,Skjorte
09441 Tj.Forkl. Strib Lang Sort Gr,Forklæde
28731 Softshelljakke ACC rød/ant,Jakke
28761 Vinterkedeldr. Safety gul,Overall
23267 Benklæder Galaxy sort/grå,Bukser
28728 Vinterjakke ACC kort rød/grå,Jakke
22931 Benkl Manhattan blå denim,Bukser
02159 Skjorte L/Æ L.Blå Oxford P/B,Skjorte
04960 Etnisk Nederdel m.blå P/B,Andet
12971 Benkl flam mblå/gul,Bukser
11307 Kedeldr mblå/kblå Icon  p/b,Overall
12757 Pilotja EN471 gul/sort 25575,Andet
23303 Halsedisse sort,Andet
13347 Bælte Gibraltar sort,Andet
11452 Jakke ROCKFORD mgrå pb,Jakke
12842 Hængelommer 2 stk. sort,Andet
27661 Servicebuks ACC SZ sort,Bukser
10167 Benkl EN471 grø/gul Hr Arla,Bukser
08957 Benklæde flam FlameQ sort/grå,Bukser
09498 Kokkejakke P/B Vask,Jakke
"29630 Overall Safety+, Marine",Overall
24015 Jakke bomuld marine/kongeblå,Jakke
22295 Benk Revision EN20471 kl2 or,Bukser
13898 Benkl service Berkeley grå,Bukser
14050 T-shirt y active unisex sort,T-shirt
02419 Busseronne Navy M Kultråd,Busseron
28427 Skaljakke ACC sort,Jakke
22070 Skjorte m/brystlom mblå p/b,Skjorte
25840 Cardigan silvergrey PROwear,Andet
22844 Bukser håndværker mblå bom,Bukser
01870 Kasket k.hår m/net-hvid skyg,Andet
28840 Sweat cardigan uni sort/grå,Sweatshirt
04112 Pilotjakke Advarsel Vask,Jakke
22935 Poloshirt Silver Prowear,T-shirt
"27455 Vinterjakke ACC, Grå/sort",Jakke
27089 Operationsbluse Memira mari,Andet
00379 Benkl Vente Navy P/B,Bukser
12416 Arb.sko gel comfort sål +,Andet
05805 Overall ProStretch MBLÅ P/B,Overall
26884 Dame Fusion Shirt grøn,Andet
09654 Benkl Prostretch Kblå P/B,Bukser
05424 Arb.Sandal Spider 5 S1P,Andet
26631 Buks m/knæl. ACC 4W marine,Bukser
28322 Kokkejakke CSR k/æ marine,Jakke
24592 T-shirt You dame marine,T-shirt
09318 Vejvest M/Refleks Ora/Gul,Jakke
28132 Arbejdsjakke ACC p/b sort,Jakke
"29547 Benklæder Safety+ , Marine",Bukser
08600 Benkl u knæ mblå Icon,Bukser
"23015 T-shirt Navy 3/4, Pro Wear",T-shirt
02361 Parkajak EN20471 kl3 or/mblå,Jakke
03631 Pilotjakke mørk marine,Jakke
05779 Pilotjakke Alaska Sort,Jakke
10415 Kokkejakke trykknap L/Æ sort,Jakke
13935 Håndværkerbuks kl1 sort/gul,Bukser
22411 Benkl Revisi EN20471 kl2 gul,Bukser
23720 Jakke indv.lom navy/rød FOOD,Jakke
25166 Jakke  p/b antracit/sort,Jakke
26910 Skaljakke Kl. 3 gul/marine,Jakke
29521 Regnjakke gul/sort,Jakke
"29528 Benkl Galaxy, Grå/Sort",Bukser
"29674 Cardigan Galaxy, Grå/Sort",Andet
01650 Heldragt Hvid Tactel,Overall
08787 Kedeldr Mblå/Kblå P/B Prof D,Overall
06229 Jakke Orange En471 P/B,Jakke
11411 Fleece bond Arla EN471 gr/gu,Sweatshirt
10655 Pilotjakke Hyg u/lommer hvid,Jakke
04606 Jakke M/Lyn Rød P/B Kansas,Jakke
04607 Benklæder Rød P/B Kansas,Bukser
10195 Jakke m/refleks rød p/b,Jakke
09897 Benkl. Sort/Grå Color P/B,Bukser
12837 Fleece gul EN471 kl 3,Sweatshirt
13333 Skaljakke Parka EN471 gl/blå,Jakke
03255 Forklæde Sandwich Sort,Forklæde
08581 Termojakke Navy P/B Vask,Jakke
13606 Termojakke navy K/Æ,Jakke
11614 Benklæde m/lom grå p/b,Bukser
04635 Fiberjakke Blå Kort,Jakke
11334 Jakke let reflekspipe kiwi,Jakke
12224 Smækforklæde m/knap sand,Forklæde
10689 Kedeldr Sparkle EN20471 Flam,Overall
03900 Overall Grå/Rød P/B,Overall
05575 T-shirt da 3/4æ sort stretch,T-shirt
13805 Pilotjakke mblå Columbus,Jakke
13569 Arbskjorte m tryk knap navy,Skjorte
11950 Benkl Houston m/knæl p/b mbl,Bukser
13053  Kittel m/trykk hvid bomuld,Kittel
22406 Jakke HK Scan navy/rød,Jakke
05218 Overall Hr Sort P/B,Overall
10023 Benkl hyg m indv knælom kblå,Bukser
22564 Skaljakke Outdoor C dame sort,Jakke
11818 Kedeldragt Food hvid P/B,Overall
05097 T-Shirt Bordeaux Bomuld,T-shirt
22665 Kokkejakke k/æ m/stikn hvid m,Jakke
12356 Skjorte uni sport bl/hv stri,Skjorte
11269 Undertrøje l/æ 3 funktion so,Andet
12097 Benkl. Håndv sort IR77 Bom,Bukser
03973 T-Shirt Dametop Sort Bom,T-shirt
06854 Termojakke London Blå P/N,Jakke
24115 Bælte Flamestat sort,Andet
24738 Bukser Rhodos mørk antracit,Bukser
06366 Arb.Sko Gel Comfort Sål,Andet
13857 Overall Es Workers Sort p/b,Overall
22239 Strikbluse V dame Scania,Andet
11859 Softshell jakke Calgary gul,Jakke
22523 Benkl. ICON Dame Ko.blå p/b,Bukser
06704 Benkl. Jogging Uni HV. Bom,Bukser
03160 Forklæde Ind.Lom Smæk Grafit,Forklæde
23609 Knickers m/knæ kl2 gul Supre,Andet
11335 Fleece til let jak refl sort,Sweatshirt
08363 Forkl tjener Cater Serv ISS,Forklæde
13706 Overall Legacy mørk marine,Overall
23071 Kalot m/net Sort CC,Andet
24003 Pilotjakke uni navy FOOD,Jakke
05261 T-Shirt Snow Melange Bom,T-shirt
25387 Poloshirt Arla grøn/gul,T-shirt
04178 Overall Grøn P/B Kansas,Overall
01429 Sweatshirt Lyseblå 70/30,Sweatshirt
27291 Sjælevarmer fl.foer k/æ mblå,Andet
12113 Jakke gul/blå kl 2 Lumi,Jakke
27933 Arbejdsbukser Combat hvid,Bukser
22692 Sweatshirt strik vhals sort,Sweatshirt
08694 Overall u knæ mblå Icon,Overall
23977 Skjorte l/æ lysblå Oxford,Skjorte
11677 Ben Almada håndværk sort p/b,Andet
06418 Jakke Herre Sort Bom,Jakke
12098 Benklæder gul/blå kl 2 Lumi,Bukser
23965 Sievi GT Roller+ S3 - BOA,Andet
10991 Smækforklæde m/knap lime,Forklæde
22421 Knickers Lindau m lom sort,Andet
22468 Bukser u.knælom mørkegrå bom,Bukser
23661 Kedeldragt m/knæ sort,Overall
23076 Tj Forklæde Sort 60x90 Cc,Forklæde
12280 Undertrøje sort dame P/B,Andet
13529 Overall Monza mblå/kblå,Overall
13812 Kedeldragt koksgrå/grå Volvo,Overall
13839 Skjorte koksgrå/grå Volvo,Skjorte
28724 Hængelommer Rød EN20471,Andet
26660 Bælte Flamestat sort,Andet
24017 Bukser bomuld marine/konge,Bukser
06607 Benkl. Hr. Sort P/B Kasai,Bukser
01751 Tunika M/Rev Nep/Ja/S.BL P/B,Andet
25339 Overall Sparkle gul/mar kl.2,Overall
04838 kittel blå AquaP indv. Lom,Kittel
14174 Benkl m/knæl mgrå p/b ICON,Bukser
13797 Jakke unisex p/b grå,Jakke
27611 Damebuks Icon1 sort,Bukser
25430 Skjorte herre reg. p/b sort,Skjorte
04236 Kittel Lyseblå Microfiber,Kittel
24049 Sweatshirt Wigton gul/marine,Sweatshirt
24051 T-shirt Sandwell gul/marine,T-shirt
23912  Buks Mannheim grøn/sort,Bukser
22076 Regnjakke Kl3 Feldbach Gul,Jakke
11603 Benklæde Ronda Hvid P/B,Bukser
"27426 Termodragt Food, hvid",Andet
22526 Fleecejakke Hi-Vis gul,Sweatshirt
26070 T-shirt Geyser uni kongeblå,T-shirt
07326 T-Shirt Herre L.Æ. Sort,T-shirt
11836 Kedeldragt sort/grå dyna P/B,Overall
12434 Polo T-shirt lilla Dame P/B,T-shirt
28395 Vest uni navy Super Cool,Jakke
23959 Overall FR gul/marine,Overall
27630 Forklæde m/knap marine,Forklæde
23764 Overall m/knæ hvid Icon1,Overall
28079 Sikkerhedssandal Boa S1P,Andet
07452 Ben Hvid Bom Knæ + Lårlom,Andet
07472 Ben Hvid P/B Knæ + Lårlomme,Andet
12140 Busseronne m/vhals mblå/hv,Busseron
12444 Benkl. Hr. sort harmony,Bukser
22902 Skjorte k/æ mblå Volvo,Skjorte
28823 Softshell dame sort Light,Andet
04572 Kedeldragt Mblå Bom Kansas,Overall
07579 Ov Mblå P/B Knæ + Lårlomme,Andet
05239 Jakke Hr Mblå/Kblå P/B,Jakke
05026 Skjorte Grøn P/B Kansas,Skjorte
06662 Skjorte dame lblå k/æ pb,Skjorte
05678 Sædestykke P/B kblå,Andet
07784 Overall Kblå/Blå Color P/B,Overall
"03528 Benkl, En471 Mblå/Gul, P/B",Bukser
11016 Polo En471 gul m refl,T-shirt
07182 jakke grå microfiber m/lyn,Jakke
13833 Overall Newcast or/grå kl. 2,Overall
06030 Vinterjakk Airtech Gul/Marin,Jakke
04676 Fleece cardigan uni navy,Sweatshirt
11348 Polo T-Shirt turkis P/B Hr,T-shirt
10366 Poloshirt pique uni turkis,T-shirt
13222 Softshell EN471 Rød/grå,Andet
09273 Cardigan Navy M/Krave Esd,Andet
22412 Overall Revi EN20471 kl2 gul,Overall
06450 Sweatshirt Sort 70/30,Sweatshirt
13406 Benkl lav talje m ela Spirit,Bukser
10539 Arb.Vinterstøvle Nord XL S2HRO,Andet
11552 Arb.sko Vinterst AlaskaXL S2,Andet
13376 Kokkebukser sort jeans facon,Bukser
13279 T-shirt  1/2/Æ Azur Lady Pro,T-shirt
13356 Kokkeja uni k/æ sort m stik,Andet
03945 Kittel Grå Microfiber M Tråd,Kittel
22284 Overall Newcast or/mblå kl2,Overall
23059 Arb.sko Vinterst AlaskaXL S3,Andet
09500 Jakke Bomuld Vask,Jakke
12149 T-shirt 1/2 æ lady turkis PB,T-shirt
04134 Kokkebenkl Hr So/HV Tern P/B,Bukser
13555 Skjorte Mesa m brystlom grøn,Skjorte
11894 Poloskjorte Unisex Navy P/B,T-shirt
11846 Kedeldragt Navy/Kblå Dy Bom,Overall
12326 Kokkejakke 3/4 æ sort SB,Jakke
23299 Busseronne uni mblå Ocean,Busseron
04581 Vinterkedeldaragt Marine,Andet
11834 Overall kblå/navy dyna P/B,Overall
01591 T-Shirt Grøn,T-shirt
11450 Overall MONZA grå/sort bom,Overall
09791 Tunika Lyseblå Kort Ærme P/B,Andet
02512 Forklæde M Nakkestrop,Forklæde
13686 Overall m. Hellalogo marine,Overall
02818 Benkl Dame M/Lom Sort Pb,Bukser
24642 Kokkejakke k/æ da sort Taste,Jakke
29591 Skjorte Ternitz grå flamme,Skjorte
25149 Vest m/velcro gul kl. 2,Jakke
03954 Termobenklæder Hvid Quilt,Bukser
05095 Polo T-Shirt Hvid Bomuld,T-shirt
11438 Arb.sko Sport m/snøre so S1P,Andet
13655 Knickers Limnos sort p/b,Andet
13307 Busseron uni k/æ v/h marine,Busseron
29582 Benklæder Kassel sort,Bukser
06705 Benkl. Jogging Uni HV. P/B,Bukser
24618 Poloshirt Pro dame blåmel,T-shirt
06276 Sokker coolmax sort,Sokker
10662 T-shirt bom grå melange,T-shirt
13092 Knæpuder Waterloo,Andet
"30009 Pilotjakke, Sort, Aft.Ærm Fe",Jakke
12327 Kokkejak 3/4 æ mblå Kvickly,Jakke
04718 Kedeldragt Stålgrå P/B,Overall
22158 Shorts 20471 kl1 Luton rø/grå,Shorts
12932 Tunika med kina krave hvid,Andet
06609 T-shirt undertrøje sort bom,T-shirt
28906 Vinterstøvle med BOA S3,Andet
11618 Overall EN471 Barras or/gr,Overall
13426 Termoundertrøje sort,Andet
25341 Bukser Sparkle gul/mar kl.2,Bukser
"29657 Kedeldragt Galaxy, Sort/Grå",Overall
23269 Shorts Galaxy sort/grå,Shorts
03883 Jak 20471 Soft Shell Gul Pb,Jakke
12111 Overall gul/blå kl 2 Lumi,Overall
12086 Overall Navy/rød Dynamic Bom,Overall
27020 Cardigan uni full zip rød,Andet
27835 Softshell Wienerb. ora/grå,Andet
00590 Hovedtørklæde hvid Pol,Andet
28830 Softshell uni sort Light,Andet
28911 Softshelljakke ACC marine,Jakke
23660 Tunika da v/hals bordeaux,Andet
29979 Sweatshirt Sort Terminalen,Sweatshirt
30003 Cardigan Acc Rød/Marine,Andet
12824 Forklæde tj 100x80 sort P/B,Forklæde
30140 Overtræk gul 2.5 cm skygge,Andet
28996 T-shirt uni navy Lyocell,T-shirt
28074 Sik.hedssko m/BOA S1P Carb.,Andet
01089 T-Shirt Sand Bomuld,T-shirt
07589 Ked Mblå P/B Knæ + Lårlomme,Andet
07640 Regnjakke Mblå,Jakke
07659 Regnbukser Mblå,Bukser
09645 Benklæder Regntøj,Bukser
09952 Benkl Hr Denim Coolmax,Bukser
13517 Shorts sort,Shorts
22227 Kit bom/3udv.lom/trykk/rib,Kittel
26151 Smækforklæde CSR sort,Forklæde
"29641 Pilotjakke Safety, Gul/Blå",Jakke
04795 Benklæder Grå P/B Danfoss,Bukser
12345 Forklæde mblå/hvid tern,Forklæde
01286 Jeans Herre Sort-Blå Stræk,Bukser
07292 Regnbuks EN471 orange m blå,Bukser
04994 Baker Kortpilot Mblå/Kblå Pb,Andet
08099 3F Funktionssok Sort,Sokker
09109 Pilotjak Airt Fl Orange/Mblå,Jakke
02252 Termokedeldr. Enterpr M.Blå,Overall
07948 Boxershorts Sort Bom,Shorts
07990 Trekking Sok Mblå,Sokker
09103 Sweatshirt EN471 Orange/Mari,Sweatshirt
07305 Regnjakke EN471 orange m blå,Jakke
09124 Jakke Goretex Fl Orange/Navy,Jakke
07077 Polarked. Mblå/Kblå Airtech,Andet
07961 Strømper Tynd sort,Sokker
08757 Hue Uld Thinsulate Marineblå,Andet
04931 Knæpuder,Andet
00066 Kokkejakke Sort Lechef P/B,Jakke
04569 Kedeldragt Rød P/B Kansas,Overall
09378 Kasket Vask,Andet
00450 Jakke Antiflame Mblå P/B,Jakke
04615 Overal Luxe Color Grå/Sort P/B,Andet
08515 Kedeldragt Fl Gul Mblå,Overall
07342 Termobenklæder Blå,Bukser
04115 Arb.Sko Zone S3,Andet
12989 T-shirt Hvid 3/4 ærme,T-shirt
11611 Vinterkedeldragt gul/mblå,Overall
01707 T-Shirt K/Æ Koksgrå Bom,T-shirt
22262 Shorts Stuttg hv/mgrå Unique,Shorts
06319 Overall Herre Grå/Sort Bom,Overall
12432 Sweatshirt Orange EN471,Sweatshirt
11830 Benklæder kblå/navy dyna P/B,Bukser
01146 Undertrøje L/Æ Antiflame,Andet
10473 ANTIFL. Overall vask,Overall
10476 ANTIFL. Jakke vask,Jakke
24114 Halsedisse Flamestat sort,Andet
12986 Tunika Pink,Andet
10319 Pilotjakke Arla EN471 gul/grøn,Jakke
25993 Kedeldr.FlamePro NY sort/grå,Overall
13464 Fleecejakke Salzburg fl gul,Sweatshirt
11287 Jakke Hvid/grå Icon  p/b,Jakke
06563 T-Shirt Ubekendt,T-shirt
01444 Benklæde Hr Marine/Rød P/B,Bukser
06322 Overall Herre Mblå/Kblå Bom,Overall
08401 T-shirt unisex lblå k/æ bom,T-shirt
13710 Håndværkerbuks Ronda sort,Bukser
26074 Overtræksbuks vinter sort,Bukser
26038 Mulepose Berendsen logo,Andet
05465 Arb.Sandal Air Galaxy 1XL S1,Andet
26670 Damebuks Arla gul/grøn,Bukser
13416 Hovedtørklæde blå 100x100,Andet
10129 Overall FlmQ so/grå brystlom,Overall
27929 Arbejdsjakke Combat hvid,Jakke
13743 Benkl knæl Pittsburg mgrå tw,Bukser
13705 Benkl Legacy mørk marine,Bukser
23204 Jakke Mainz sort Unique,Jakke
23200 Overall marine Tera TX,Overall
28201 Quiltjakke gul/marine,Jakke
05240 Jakke Hr Sort P/B,Jakke
13605 Arb sand Atlas SL46 Blue S1,Andet
13641 Kedeldr mblå flam AF,Overall
13302 Arb.støvle HKSDK V5 S3,Andet
13427 Termounderbuks sort,Bukser
12446 Benkl. D monroe sort Harmony,Bukser
26592 Termojakke ACC sort,Jakke
06245 Benklæde Herre Mblå/Kblå Bom,Bukser
24242 Pilotjakke Penrith gul/mar,Jakke
13793 Overall Orense sort 310g,Overall
24009 Sko Robotic BOA S1P,Andet
23923 Overall Revision marine/gul,Overall
13213 Overall mblå/rød FlamePro,Overall
25024 T-shirt advarsel VASK,T-shirt
22457 Bukser Mannheim so/ant p/b,Bukser
23690 Håndværkerbuks sort Motion,Bukser
26890 Unisex Fusion Skjorte grøn,Skjorte
29014 Overall WB orange/grå,Overall
26150 Smækforklæde RAW CSR sort,Forklæde
22479 Overall knælom mørkegrå p/b,Overall
13630 Overall sort/grå IR77,Overall
12959 Heldragt uden ærme hvid,Overall
06706 Benkl. Jogging Uni Sort P/B,Bukser
13533 Overalls mblå p/b,Overall
04424 Jakke M/Lyn Hvid P/B Kansas,Jakke
12670 Benklæder sort/grå IR77 P/B,Bukser
22384 Overall Freibourg multi grå,Overall
00264 Forkl M/Smæk Grå P/B,Forklæde
00763 T-Shirt M/Refleks Orange P/B,T-shirt
00997 Kittel Esd Hvid M/Marine,Kittel
01179 Regnoverall Orange/Mblå,Overall
03310 Skjorte 20471 Orange,Skjorte
06391 Overall Herre Sort Bom,Overall
07550 Ked Mblå Bom Knæ + Lårlom,Andet
07626 Dameoverall Mblå P/B,Overall
08214 Polo T-Shirt Navy Bom,T-shirt
08378 Termoundertøj Sæt Sort,Andet
09053 Shorts Vestas Marineblå P/B,Shorts
09096 Polo T-Shirt Fl Orange P/B,T-shirt
09656 Tarim Fleece Jakke Marine,Sweatshirt
12085 Benkl. Navy/rød Dynamic Bom,Bukser
12614 Termojakke Edge sort pol,Jakke
12746 Overal Crafts sort bom 25575,Andet
23295 Benkl dame sort Garcon,Bukser
23677 Jakke stræk mblå/rød Motion,Jakke
23684 Buks m knæ kblå/mar Motion,Bukser
23692 Håndværkerbuks navy Motion,Bukser
24068 Cardigan m/hætte sort,Andet
25575 Skjorte bomuld grå,Skjorte
09191 ESD PoloT-shirt p/b k/æ mblå,T-shirt
09207 T-Shirt L/Æ M/Blå  P/B Esd,T-shirt
07982 Tennissok Luksus Mblå,Sokker
08766 Polo T-shirt hvid herre esd,T-shirt
13002 Pilotjakke ALFARO sort,Jakke
13018 Knæbeskytter Grant sæt grå,Andet
09186 Sweat-Shirt M/Blå P/B Esd,Sweatshirt
01011 Undertrøje Hvid K/Æ P/B 743,Andet
13003 Pilotjakke PAROS mblå,Jakke
08074 3F Funktionssok Sort,Sokker
04669 Benklæde Hvid/Grå Color P/B,Bukser
09198 ESD T-shirt p/b k/æ mblå-,T-shirt
04542 Skjorte Grå P/B,Skjorte
04022 Skråhue Hvid p/b,Andet
13478 Skjorte Dame Kontrast City,Skjorte
13383 Vest advarsel orange Ess,Jakke
11826 Jakke kblå/navy dynamic P/B,Jakke
23265 Damebuks Smalle ben Sort,Bukser
09265 Jakke flam FlameQ sort/grå,Jakke
08810 Jakke pilot EN20471 orange,Jakke
23722 Kittel flam gul/navy EN13034,Kittel
13761 Benkl Mannh grå/sort Unique,Bukser
05282 Unisexben Mlårl & Toml HV Pb,Bukser
22290 Parka EN20471 flam gu/mblå,Andet
12735 Arb.sand Atlas Alutec360 S1,Andet
11310 Kedeldr sort/grå Icon  p/b,Overall
23853 Benkl uni m/lårl denim Jazz,Bukser
09253 Jakke pilot EN20471 or/mblå,Jakke
13202 Parkajak Air EN20471 kl3 Rø/so,Jakke
23917 Overalls Mazda grå/sort,Overall
23784 Benkl pull on uni marine,Bukser
12826 Jak gul/mbl anti.flam.ke kl3,Jakke
13899 Pilotjakke kl3 Timon gul/grå,Jakke
12935 Kedeldragt industry grå bom,Overall
00668 T-Shirt Orange p/b,T-shirt
22846 Overalls håndværker mblå bom,Overall
03849 Skjorte Sort Unisex L/Æ Pb CC,Skjorte
26540 T-shi CSR uni v-hal k/æ navy,Andet
08808 Kedeldragt Mblå M/Knæl Bom,Overall
12836 Skaljakke gul/blå kl 3,Jakke
13377 Kokkejakke hvid Taste KÆ,Jakke
13788 Softshell Dresden mblå Uniq,Andet
22382 Jakke Visp multi grå,Jakke
13559 Polo T-shirt mblå l/æ trykk,T-shirt
28727 Vinterjakke ACC Safe rød,Jakke
24974 Sweatshirt TEST tøj,Sweatshirt
27972 Bussero vhals da lblå Fusion,Andet
26180 Poloshirt CSR uni sort,T-shirt
23694 Overall kblå/marine Motion,Overall
23898 Termobuks u/lom m/rib mblå,Bukser
23199 Jakke sort IR77,Jakke
29998 Buks M/Knæl Acc Safe Mar/Rød,Bukser
29999 Sweatshirt Acc Rød/Marine,Sweatshirt
13821 Parkajakke orange Quebec,Jakke
"29399 Overtræk 2,5 cm skygge rød",Andet
"30139 Bumpcap 2,5 cm skygge gul",Andet
13204 Termokedel 20471 rd/srt kl 3,Andet
25999 Sikh.sko Energy sort/grå S1P,Andet
08386 T-shirt lady 3/4ærm sort pb,T-shirt
08763 Pilotjakke sort/grå,Jakke
09212 ESD Benklæder p/b mblå-,Bukser
09983 Pirat Hr Denim Coolmax,Andet
13201 Vinterjak 20471 Rød/srt kl 3,Jakke
13226 Pilotjakke m reflex sort,Jakke
13792 Knickers Altona sort Uniq,Andet
22402 Vinterjak Airtech ora/mar,Jakke
24136 Kokkejakke Eksklusiv Hvid,Jakke
25333 Jakke Sparkle gul/mar kl.2,Jakke
26002 Sikkerh.sko Move turkis S1P,Andet
27461 Termojakke Dartford gul/mar,Jakke
27617 Hue m/fleecefoer ARLA,Sweatshirt
00676 Fleecejakke Gul Flourc.,Sweatshirt
06174 T-shirt funk t-shirt l/æ sort,T-shirt
04619 Kittel Sort/Grå Color,Kittel
22536 Termokedeldragt gul/marine,Overall
00448 Kedeldr Polar M/H Mblå,Overall
22775 Hat med net fl.gul AMCOR,Andet
13375 Kokkebukser sort Pool-on,Bukser
22282 Jakke Oxford or/mblå kl2,Jakke
23961 Skjorte FR gul/marine,Skjorte
03393 Arbstøv AlHit 5XL +S3HRO,Andet
09203 Arb.Tsko Flex Sort m/hæl S3,Andet
08228 T-Shirt Marine Lady 3/4 P/B,T-shirt
13837 Vinterkedeldragt Ventura blå,Overall
08828 Kedeldragt Orange Termoen471,Overall
08095 Tunika Bomuld,Andet
12314 Jakke Sparkle kl 1 blå/gul,Jakke
07660 Kasket M/Net Hvid P/B,Andet
11345 Skåneærmer grøn,Andet
08610 T-Shirt Lady Hvid Bomuld,T-shirt
23306 Håndværkervest,Jakke
23820 T-shirt Vision mblå/gul,T-shirt
13229 Regnoverall EN471 Gul/blå,Overall
"29654 Kedeldragt, Gul/Blå",Overall
23133 Jakke marine/gul Cantex 57,Jakke
26222 T-shirt 20471 kl. 3 gul,T-shirt
10172 Shorts EN471 gr/gu hr Arla,Shorts
24603 Unisexbusseronne Nature grå,Busseron
11436 Arb.Sko Soft m/snøre sort S3,Andet
27059 Vinterjakke ACC sort,Jakke
10165 Softshell EN471 gr/gu Arla pol,Andet
10684 Busseronne da v/h hvid p/b,Busseron
11957 Busseronne dame k/æ turkis,Busseron
06173 T-shirt funk t-shirt k/æ sort,T-shirt
23346 Kokkeskj. l/æ Sort kinakrave,Skjorte
12664 Soft shell sort 25575,Andet
22317 Fleece Sheffield kl2 rød/grå,Sweatshirt
27691 Tunika dame gennemknap mar,Andet
22581 Smækforklæde m/knap Spar,Forklæde
05312 Overall Låne,Overall
03881 Kasket m/net grøn,Andet
12075 T-shirts Unisex Turkis,T-shirt
04759 Benklæder Vente Hvid P/B,Bukser
13382 Vest advarsel gul Ess,Jakke
12682 T-shirts Navy Uni L/Æ Bom,T-shirt
13763 Kittel m 3 indv lom og rib,Kittel
05659 Softshell uni marine,Andet
05658 Sweatshirt Koksgrå 70/30,Sweatshirt
11821 Jakke termo sort Poly,Jakke
30296 Shorts 4WS gul Kl. 2,Shorts
08687 Kedeldragt Termo Grå/Sort,Overall
03285 Lægekittel k/æ p/b,Kittel
12114 Jakke gul/blå kl 3 Lumi,Jakke
22082 Sweatshirt Kl2 Melita gul,Sweatshirt
22104 T-shirt Espinosa gul,T-shirt
22335 Vinterkedel Airtech kl3 or/m,Andet
22784 Termokedeldragt Tombos ora,Overall
26328 T-shirt l/æ kl.3 orange,T-shirt
27415 Termovest Moncton Sort,Jakke
28223 Jakke Oxford WB,Jakke
01986 Polo Da Mblå Kæ Pol Esd,T-shirt
02810 Shorts Elis Chauffør,Shorts
04341 Jakke Sort/Grå Color P/B,Jakke
03903 Overall Luxe Color Sort/Grå,Overall
12336 Benklæder dame hvid P/B,Bukser
12144 Jakke 3i1 sort m refleks,Jakke
13297 Kittel ESD EN471 Special,Kittel
04423 Kit Hr Kina 3 Udv Hvid Bom,Kittel
02802 Polo K/Æ Mblå Elis Chauffør,T-shirt
10568 Arb.Sko Air focus 1XL S1,Andet
11317 Jak Pilot sort/grå Icon pb,Jakke
12863 Arb.sko Atlas Sneaker Grå S2,Andet
12873 Pilotjakke sort/grå,Jakke
13068 Sandal Atlas SL265 XP S1P XL,Andet
12733 Arb.støv Atlas Duosoft S3HRO,Andet
23089 Forklæde Navy m/smæk,Forklæde
04951 Arb.Støvle Light Boot Black S5,Andet
12089 Kokkejak m fast kn hvid bom,Jakke
13476 Skjorte Unisex City,Skjorte
13927 Arbstø Alutec735 So S3 Atlas,Andet
09991 Arb.Sko Zone Sandal S1P,Andet
24306 Busseronne dame k/æ lyseblå,Busseron
06772 Kittel Lux  Marine P/B,Kittel
06910 Skjorte Hr. L/Æ HV. P/B CC,Skjorte
25976 Fleecejakke Flame Mar/gul,Sweatshirt
13808 Parkajakke sort Dayton,Jakke
11984 Regnbuks Laguna,Bukser
11985 Regnjakke Lake,Jakke
22160 Tshirt 20471 kl2 Evora rø/gr,T-shirt
03556 Forkl sort kort u/smæk m/lom,Forklæde
03734 Benklæder Dame Neptun P/B,Bukser
22309 Dame chino sort,Andet
22326 Skaljakke Harlow kl3 rød/grå,Jakke
07779 Jakke Kblå/Mblå Color P/B,Jakke
07930 Regnjakke Marine,Jakke
07492 Ov Hvid P/B Knæ + Lårlomme,Andet
13026 Jakke Din Bilp srt/rd 2013,Jakke
04018 Jakke Mazda grå/sort pb,Jakke
12315 Skjorte blå/gul  m tr.kn P/B,Skjorte
06417 Jakke Herre Mblå/Kblå Bom,Jakke
22211 Benkl u/lom grøn max risk,Bukser
09371 T-Shirt Herre L.Æ. Koks Grå,T-shirt
02027 Jakke Volvo P/B,Jakke
09957 Fleece cardigan da navy,Sweatshirt
12027 Smækforklæde m/knap mocca,Forklæde
23528 Pilotjakke m/hætte sort,Jakke
11453 Softshell Tampa mgrå Indust,Andet
13461 Striktrøje Naxos sort,Andet
03961 Sweatshirt grå pb Automester,Sweatshirt
"29669 Sweatshirt, Gul",Sweatshirt
22890 Sweater mblå Volvo,Sweatshirt
23918 Jakke Mazda grå/sort,Jakke
11501 Sweatshirt AutoM so/grå pb,Sweatshirt
22475 Overall u.knælom mørkegrå bo,Overall
27221 Overalls Galaxy grå/rød,Overall
22949 Sjælevarmer microfleece hvid,Sweatshirt
25702 Busseronne unisex sailorblå,Busseron
04047 Overalls Mazda grå/sort pb,Overall
11445 Pilotjakke mgrå Columbus,Jakke
"30069 Jakke, Parka, Gul/Marine",Jakke
08583 Jakke grå/rød Din Bilpartner,Jakke
08591 Benkl grå/rød Din Bilpartner,Bukser
04062 Undertrøje M/Strop,Andet
27102 Vest ACC marine,Jakke
13418 Hovedtørklæde blå 50x150,Andet
26628 Servicebuks dame ACC marine,Bukser
12775 Kokkejakke trykknap K/Æ HV,Jakke
13054 Termokedeldr. mBlå Thule,Overall
22075 Strikhue Kisa mørk marine,Andet
11791 T-shirt flaskegrøn,T-shirt
35134 Forklæde recycled JTK sort,Forklæde
29274 Kedeldragt Scania marine fla,Overall
06797 Arb.Sko Elixir High XL S3,Andet
22893 Softshell jakke mblå Volvo,Jakke
22913 Vinterkedl Airtech kl3 rø/so,Andet
23099 Benkl Berkeley grøn,Bukser
23916 Bukser Mazda grå/sort,Bukser
25158 Vest m/lynlås gul kl. 2,Jakke
29305 Buks u/knæl ACC Safe m/g CSR,Bukser
01530 Keddeldragt Toyota Rød P/B,Andet
04617 Kedeldr Grå/Sort Color P/B,Overall
09745 Sædebetræk Vask,Andet
07858 Kedeldr Herre Grå/Sort Bom,Overall
01532 Benkl Toyota Rød P/B,Bukser
"22214 Jakke, zone u/lom grøn",Jakke
22283 Benkl Kendal or/mblå kl2,Bukser
13695 Benkl EN471 Or/mblå m/lom,Bukser
"13937 Håndv.buks kl.1 sort/gul 2,0",Bukser
24307 Bukser dame blå,Bukser
27625 Skjorte dame lysblå,Skjorte
23082 Tj forklæde Navy 90x100,Forklæde
12900 Benkl Splash EN20471 kl2 Flam,Bukser
24298 Jakke dame blå,Jakke
01885 Benkl Orang/Marine Advars Pb,Bukser
27359 Pull on Ankel CSR dark rock,Andet
06493 Værktøjsbuks mblå/gul en471,Bukser
14087 EN471benkl løse lom g/mblå,Bukser
22155 Benkl håndv kl2 Wigan rø/grå,Bukser
25344 Bukser Sparkle mar/gul kl.1,Bukser
12048 Busseronne m/vhals lime,Busseron
11617 Benkl. EN471 olinda or/gr pb,Bukser
12044 Benkl. m.fo ma/gul EN471 P/B,Bukser
13242 Knickers 20471 kl2  or/navy,Andet
22154 Benkl håndv kl2 Wigan or/grå,Bukser
22296 Benk Revision EN20471 kl1 or,Bukser
22303 Håndværkbuks Rev EN20471,Bukser
23698 Håndværkbuks Rev EN20471 gul,Bukser
24707 Jeans unisex hvid,Bukser
26619 Arbejdsjakke ACC azur/marine,Jakke
27451 Vest uni 215g mblå Shape,Jakke
03650 Jakke Pro U/Lom M/Trykk Kblå,Jakke
09510 Kedeldragt FlameQ Sort/grå,Overall
12333 Benklæder Hr hvid P/B,Bukser
08708 Storskjorte P/B Vask,Skjorte
11942 T-shirt l/æ m  kont sort/gr,T-shirt
13075 Knickers Limnos mgrå,Andet
11813 Parkajak Afife EN471 rø/gr,Jakke
22313 Skjorte Jona EN20471 kl3 gu,Skjorte
11313 Shorts grå/sort Icon pb,Shorts
23373 Forkl m/smæk marineblå Fazer,Forklæde
06420 Heldragt Kobolt Microfiber,Overall
09117 Arb.Tsko Flex Sort u/hæl S1P,Andet
08290 Håndværkershorts gul kl. 2,Shorts
13214 Kedeldragt sort/grå FlamePro,Overall
24733 Fleece jakke tilhørende 14046,Sweatshirt
28205 Vinterkedeldragt gul/mar,Overall
02403 Fleece Jakke Vask,Sweatshirt
12617 Knickers hængel GENY s 25575,Andet
26033 Cardigan lysblå PROwear,Andet
22091 Softshelljakke marine unisex,Jakke
27907 Skjorte marine,Skjorte
30053 Skjorte Ss L/Æ Modern Navy,Skjorte
13206 Shorts 20471 Rød kl 2,Shorts
14182 Shorts ISO20471 kl2 gul,Shorts
26223 Håndv.bukser 20471 gul/sort,Bukser
26885 Unisex Fusion Shirt blå,Andet
22157 Shorts 20471 kl1 Luton or/grå,Shorts
22300 Shorts Revi EN20471 kl2 gu,Shorts
"29622 Jakke Galaxy, Sort/Grå",Jakke
13402 Overall TEST tøj,Overall
27032 Shorts ACC 4W Grå,Shorts
25392 Vinterbuks Arla grøn/gul,Bukser
02010 Shorts Grå/Sort P/B,Shorts
23823 Cardigan Vision mblå/gul,Andet
29947 Kokkejakke Csr L/Æ Oliven,Jakke
04643 Shorts M/Refl Orange,Shorts
09442 Forklæde Strib Kort Sort Gr,Forklæde
22458 Knickers Altona grå/sort p/b,Andet
00262 Shorts Hr Grå/Sort P/B,Shorts
13713 Håndværkershorts Zafra sort,Shorts
22077 Regnbuks Kl1 Wolfsberg Gul,Bukser
22301 Shorts Revi EN20471 kl2 or,Shorts
22828 Kokkejakke so CHEF L/Æ T/K CC,Jakke
26331 Fleecejakke Sheffield or/ma,Sweatshirt
28869 Servicebuks dame ACC grå,Bukser
29574 Håndværkerbuks Advanced sort,Bukser
